Date,Delivered(/ub),Recorded(/ub)
2010-03-30,2.960,2.766
2010-03-31,11.480,9.965
2010-04-01,10.656,9.093
2010-04-02,0.000,0.000
2010-04-03,0.019,0.019
2010-04-04,0.000,0.000
2010-04-05,0.000,0.000
2010-04-06,0.042,0.041
2010-04-07,0.028,0.028
2010-04-08,0.000,0.000
2010-04-09,0.000,0.000
2010-04-10,42.879,32.571
2010-04-11,3.332,3.095
2010-04-12,26.678,23.356
2010-04-13,0.000,0.000
2010-04-14,21.062,20.151
2010-04-15,1.421,1.420
2010-04-16,25.275,24.376
2010-04-17,33.156,32.014
2010-04-18,16.993,15.661
2010-04-19,0.000,0.000
2010-04-20,0.000,0.000
2010-04-21,0.000,0.000
2010-04-22,0.000,0.000
2010-04-23,0.000,0.000
2010-04-24,613.207,591.512
2010-04-25,112.856,110.112
2010-04-26,95.846,92.717
2010-04-27,0.000,0.000
2010-04-28,0.000,0.000
2010-04-29,0.000,0.000
2010-04-30,0.000,0.000
2010-05-01,0.000,0.000
2010-05-02,0.000,0.000
2010-05-03,0.000,0.000
2010-05-04,0.000,0.000
2010-05-05,0.000,0.000
2010-05-06,0.000,0.000
2010-05-07,0.000,0.000
2010-05-08,0.000,0.000
2010-05-09,0.000,0.000
2010-05-10,431.856,429.669
2010-05-11,0.000,0.000
2010-05-12,0.000,0.000
2010-05-13,0.000,0.000
2010-05-14,1225.137,1197.876
2010-05-15,1979.265,1826.177
2010-05-16,2359.159,2123.866
2010-05-17,1452.550,1399.678
2010-05-18,2.655,2.651
2010-05-19,0.000,0.000
2010-05-20,0.000,0.000
2010-05-21,0.000,0.000
2010-05-22,988.545,962.628
2010-05-23,1687.822,1559.742
2010-05-24,1347.962,1057.779
2010-05-25,4386.465,3920.111
2010-05-26,0.000,0.000
2010-05-27,0.000,0.000
2010-05-28,0.000,0.000
2010-05-29,0.000,0.000
2010-05-30,0.000,0.000
2010-05-31,0.000,0.000
2010-06-01,0.000,0.000
2010-06-02,0.000,0.000
2010-06-03,0.000,0.000
2010-06-04,0.000,0.000
2010-06-05,1523.438,1378.781
2010-06-06,0.000,0.000
2010-06-07,0.000,0.000
2010-06-08,0.000,0.000
2010-06-09,0.000,0.000
2010-06-10,0.000,0.000
2010-06-11,0.000,0.000
2010-06-12,0.000,0.000
2010-06-13,0.000,0.000
2010-06-14,0.000,0.000
2010-06-15,0.000,0.000
2010-06-16,0.000,0.000
2010-06-17,0.000,0.000
2010-06-18,0.000,0.000
2010-06-19,0.000,0.000
2010-06-20,0.000,0.000
2010-06-21,0.000,0.000
2010-06-22,0.000,0.000
2010-06-23,0.000,0.000
2010-06-24,122.299,23.305
2010-06-25,329.021,93.437
2010-06-26,9716.918,6823.297
2010-06-27,5548.192,5342.003
2010-06-28,0.000,0.000
2010-06-29,7538.745,5992.469
2010-06-30,1481.252,1470.728
2010-07-01,8584.500,7549.665
2010-07-02,1357.140,1108.812
2010-07-03,1787.132,1744.476
2010-07-04,15916.070,13961.642
2010-07-05,23140.605,19997.715
2010-07-06,1504.134,1342.251
2010-07-07,0.000,0.000
2010-07-08,0.000,0.000
2010-07-09,7773.273,6314.901
2010-07-10,0.000,0.000
2010-07-11,0.000,0.000
2010-07-12,23123.956,17923.949
2010-07-13,30411.829,28510.292
2010-07-14,58892.869,54351.764
2010-07-15,29122.620,25670.432
2010-07-16,5212.037,5121.186
2010-07-17,28448.484,26946.716
2010-07-18,51759.646,46182.252
2010-07-19,10544.135,10181.675
2010-07-20,0.000,0.000
2010-07-21,0.000,0.000
2010-07-22,0.000,0.000
2010-07-23,0.000,0.000
2010-07-24,0.000,0.000
2010-07-25,0.000,0.000
2010-07-26,0.000,0.000
2010-07-27,0.000,0.000
2010-07-28,9617.439,7058.244
2010-07-29,48277.901,43358.700
2010-07-30,61659.561,50242.055
2010-07-31,49300.939,46166.998
2010-08-01,34914.084,31597.063
2010-08-02,83717.870,72588.504
2010-08-03,40440.415,23471.267
2010-08-04,79534.597,71075.063
2010-08-05,51923.502,46857.343
2010-08-06,94947.756,89519.845
2010-08-07,15792.606,10979.869
2010-08-08,99204.975,92013.345
2010-08-09,19492.822,18798.853
2010-08-10,49302.507,38519.802
2010-08-11,0.000,0.000
2010-08-12,0.000,0.000
2010-08-13,31303.435,30735.055
2010-08-14,136221.691,127655.887
2010-08-15,139597.574,134496.466
2010-08-16,63970.396,60731.380
2010-08-17,0.000,0.000
2010-08-18,93757.224,89940.263
2010-08-19,51481.008,44920.468
2010-08-20,189001.871,178856.613
2010-08-21,0.000,0.000
2010-08-22,37613.988,36854.796
2010-08-23,300579.586,294489.270
2010-08-24,262080.662,243641.725
2010-08-25,117295.249,113493.107
2010-08-26,371864.100,331112.627
2010-08-27,60389.976,59108.200
2010-08-28,98562.189,81307.507
2010-08-29,467718.909,457697.438
2010-08-30,85241.947,77890.627
2010-08-31,0.000,0.000
2010-09-01,0.000,0.000
2010-09-02,0.000,0.000
2010-09-03,0.000,0.000
2010-09-04,0.000,0.000
2010-09-05,0.000,0.000
2010-09-06,0.000,0.000
2010-09-07,0.000,0.000
2010-09-08,0.000,0.000
2010-09-09,0.000,0.000
2010-09-10,0.000,0.000
2010-09-11,0.000,0.000
2010-09-12,0.000,0.000
2010-09-13,0.000,0.000
2010-09-14,0.000,0.000
2010-09-15,0.000,0.000
2010-09-16,0.000,0.000
2010-09-17,0.000,0.000
2010-09-18,0.000,0.000
2010-09-19,0.000,0.000
2010-09-20,0.000,0.000
2010-09-21,0.000,0.000
2010-09-22,89579.207,76057.351
2010-09-23,418202.620,404528.191
2010-09-24,87715.051,80459.940
2010-09-25,708974.275,690629.752
2010-09-26,835852.650,796594.254
2010-09-27,561773.446,466602.405
2010-09-28,930839.174,882373.572
2010-09-29,0.000,0.000
2010-09-30,498461.282,485583.257
2010-10-01,0.000,0.000
2010-10-02,577807.102,567327.599
2010-10-03,1072026.178,1024099.946
2010-10-04,1118557.345,753024.762
2010-10-05,1481420.842,1384787.187
2010-10-06,0.000,0.000
2010-10-07,1090461.589,1077736.632
2010-10-08,1691085.159,1558309.775
2010-10-09,0.000,0.000
2010-10-10,0.000,0.000
2010-10-11,1248175.445,1093579.109
2010-10-12,1091400.920,1043426.236
2010-10-13,0.000,0.000
2010-10-14,2185283.121,2084056.669
2010-10-15,4501.014,4406.609
2010-10-16,1210040.308,1120882.134
2010-10-17,1492603.153,1433669.959
2010-10-18,0.000,0.000
2010-10-19,0.000,0.000
2010-10-20,0.000,0.000
2010-10-21,0.000,0.000
2010-10-22,0.000,0.000
2010-10-23,0.000,0.000
2010-10-24,3907606.324,3327867.077
2010-10-25,5870119.154,5151451.054
2010-10-26,5272622.006,4911191.598
2010-10-27,755237.227,738132.539
2010-10-28,4330403.025,4246621.778
2010-10-29,2399300.557,2326774.922
2010-10-30,4156.924,4129.417
2010-10-31,435649.191,427991.066
2010-11-01,0.000,0.000
2010-11-02,0.000,0.000
2010-11-03,0.000,0.000
2010-11-04,0.000,0.000
2010-11-05,0.000,0.000
2010-11-06,0.000,0.000
2010-11-07,0.000,0.000
2010-11-08,0.000,0.000
2010-11-09,0.000,0.000
2010-11-10,0.000,0.000
2010-11-11,0.000,0.000
2010-11-12,0.000,0.000
2010-11-13,0.000,0.000
2010-11-14,0.000,0.000
2010-11-15,0.000,0.000
2010-11-16,0.000,0.000
2010-11-17,0.000,0.000
2010-11-18,0.000,0.000
2010-11-19,0.000,0.000
2010-11-20,0.000,0.000
2010-11-21,0.000,0.000
2010-11-22,0.000,0.000
2010-11-23,0.000,0.000
2010-11-24,0.000,0.000
2010-11-25,0.000,0.000
2010-11-26,0.000,0.000
2010-11-27,0.000,0.000
2010-11-28,0.000,0.000
2010-11-29,0.000,0.000
2010-11-30,0.000,0.000
2010-12-01,0.000,0.000
2010-12-02,0.000,0.000
2010-12-03,0.000,0.000
2010-12-04,0.000,0.000
2010-12-05,0.000,0.000
2010-12-06,0.000,0.000
2010-12-07,0.000,0.000
2010-12-08,0.000,0.000
2010-12-09,0.000,0.000
2010-12-10,0.000,0.000
2010-12-11,0.000,0.000
2010-12-12,0.000,0.000
2010-12-13,0.000,0.000
2010-12-14,0.000,0.000
2010-12-15,0.000,0.000
2010-12-16,0.000,0.000
2010-12-17,0.000,0.000
2010-12-18,0.000,0.000
2010-12-19,0.000,0.000
2010-12-20,0.000,0.000
2010-12-21,0.000,0.000
2010-12-22,0.000,0.000
2010-12-23,0.000,0.000
2010-12-24,0.000,0.000
2010-12-25,0.000,0.000
2010-12-26,0.000,0.000
2010-12-27,0.000,0.000
2010-12-28,0.000,0.000
2010-12-29,0.000,0.000
2010-12-30,0.000,0.000
2010-12-31,0.000,0.000
2011-01-01,0.000,0.000
2011-01-02,0.000,0.000
2011-01-03,0.000,0.000
2011-01-04,0.000,0.000
2011-01-05,0.000,0.000
2011-01-06,0.000,0.000
2011-01-07,0.000,0.000
2011-01-08,0.000,0.000
2011-01-09,0.000,0.000
2011-01-10,0.000,0.000
2011-01-11,0.000,0.000
2011-01-12,0.000,0.000
2011-01-13,0.000,0.000
2011-01-14,0.000,0.000
2011-01-15,0.000,0.000
2011-01-16,0.000,0.000
2011-01-17,0.000,0.000
2011-01-18,0.000,0.000
2011-01-19,0.000,0.000
2011-01-20,0.000,0.000
2011-01-21,0.000,0.000
2011-01-22,0.000,0.000
2011-01-23,0.000,0.000
2011-01-24,0.000,0.000
2011-01-25,0.000,0.000
2011-01-26,0.000,0.000
2011-01-27,0.000,0.000
2011-01-28,0.000,0.000
2011-01-29,0.000,0.000
2011-01-30,0.000,0.000
2011-01-31,0.000,0.000
2011-02-01,0.000,0.000
2011-02-02,0.000,0.000
2011-02-03,0.000,0.000
2011-02-04,0.000,0.000
2011-02-05,0.000,0.000
2011-02-06,0.000,0.000
2011-02-07,0.000,0.000
2011-02-08,0.000,0.000
2011-02-09,0.000,0.000
2011-02-10,0.000,0.000
2011-02-11,0.000,0.000
2011-02-12,0.000,0.000
2011-02-13,0.000,0.000
2011-02-14,0.000,0.000
2011-02-15,0.000,0.000
2011-02-16,0.000,0.000
2011-02-17,0.000,0.000
2011-02-18,0.000,0.000
2011-02-19,0.000,0.000
2011-02-20,0.000,0.000
2011-02-21,0.000,0.000
2011-02-22,0.000,0.000
2011-02-23,0.000,0.000
2011-02-24,0.000,0.000
2011-02-25,0.000,0.000
2011-02-26,0.000,0.000
2011-02-27,0.000,0.000
2011-02-28,0.000,0.000
2011-03-01,0.000,0.000
2011-03-02,0.000,0.000
2011-03-03,0.000,0.000
2011-03-04,0.000,0.000
2011-03-05,0.000,0.000
2011-03-06,0.000,0.000
2011-03-07,0.000,0.000
2011-03-08,0.000,0.000
2011-03-09,0.000,0.000
2011-03-10,0.000,0.000
2011-03-11,0.000,0.000
2011-03-12,0.000,0.000
2011-03-13,25498.447,24330.821
2011-03-14,36494.510,24040.833
2011-03-15,16180.654,13382.055
2011-03-16,30014.638,25602.371
2011-03-17,0.000,0.000
2011-03-18,566288.261,498023.289
2011-03-19,2558130.172,2192604.260
2011-03-20,4020785.073,3194011.219
2011-03-21,4351769.831,4023954.228
2011-03-22,5494468.449,4630668.972
2011-03-23,5723539.960,5080044.701
2011-03-24,5567750.017,5437129.043
2011-03-25,0.000,0.000
2011-03-26,0.000,0.000
2011-03-27,0.000,0.000
2011-03-28,0.000,0.000
2011-03-29,0.000,0.000
2011-03-30,0.000,0.000
2011-03-31,0.000,0.000
2011-04-01,0.000,0.000
2011-04-02,0.000,0.000
2011-04-03,0.000,0.000
2011-04-04,0.000,0.000
2011-04-05,0.000,0.000
2011-04-06,0.000,0.000
2011-04-07,0.000,0.000
2011-04-08,0.000,0.000
2011-04-09,0.000,0.000
2011-04-10,0.000,0.000
2011-04-11,0.000,0.000
2011-04-12,0.000,0.000
2011-04-13,1145796.876,927338.025
2011-04-14,22196.145,22148.897
2011-04-15,9030129.349,6095328.727
2011-04-16,4261269.026,3792695.085
2011-04-17,8549402.704,7962945.429
2011-04-18,1773757.257,1643316.314
2011-04-19,6242793.348,5617084.647
2011-04-20,2133209.828,1926136.949
2011-04-21,18526358.062,16366753.109
2011-04-22,21049561.418,20425385.239
2011-04-23,26178967.413,24882942.399
2011-04-24,12319369.965,10930071.853
2011-04-25,22585135.288,21672907.248
2011-04-26,8615009.443,7979251.524
2011-04-27,14022925.098,10617574.450
2011-04-28,25450449.040,22388171.550
2011-04-29,16335399.074,14664972.516
2011-04-30,29449249.097,26493769.366
2011-05-01,9613291.253,8730988.539
2011-05-02,17017179.966,16477527.787
2011-05-03,827420.075,784318.797
2011-05-04,0.000,0.000
2011-05-05,0.000,0.000
2011-05-06,0.000,0.000
2011-05-07,0.000,0.000
2011-05-08,0.000,0.000
2011-05-09,0.000,0.000
2011-05-10,0.000,0.000
2011-05-11,0.000,0.000
2011-05-12,0.000,0.000
2011-05-13,0.000,0.000
2011-05-14,0.000,0.000
2011-05-15,149018.363,138440.385
2011-05-16,2487542.035,2388661.686
2011-05-17,0.000,0.000
2011-05-18,3520718.969,3005097.361
2011-05-19,6800736.206,6529133.403
2011-05-20,16048583.997,15126455.834
2011-05-21,36278776.368,34218191.735
2011-05-22,19864719.364,18813865.473
2011-05-23,39567100.844,30279450.383
2011-05-24,41191957.542,36215193.707
2011-05-25,13256831.596,11610390.908
2011-05-26,0.000,0.000
2011-05-27,7075992.502,6915026.069
2011-05-28,34460937.679,33646021.646
2011-05-29,47004632.249,43598259.498
2011-05-30,34723668.695,33666386.288
2011-05-31,11702657.210,6606006.384
2011-06-01,4745259.924,4634428.507
2011-06-02,50908734.894,45644620.142
2011-06-03,31677350.408,30981996.355
2011-06-04,33527385.398,32006715.041
2011-06-05,51000367.259,49371906.620
2011-06-06,32123569.633,30349532.112
2011-06-07,27425781.393,26997212.905
2011-06-08,24358599.765,23777866.793
2011-06-09,47398933.843,45371607.973
2011-06-10,0.000,0.000
2011-06-11,38388528.910,36417063.254
2011-06-12,60698787.479,51045373.681
2011-06-13,37076798.662,35644768.497
2011-06-14,50007794.870,46839307.506
2011-06-15,0.000,0.000
2011-06-16,25446070.322,24241260.030
2011-06-17,23398012.598,20405178.022
2011-06-18,480110.040,2517.228
2011-06-19,0.000,0.000
2011-06-20,7176120.258,7033267.643
2011-06-21,44136253.200,42051642.071
2011-06-22,0.000,0.000
2011-06-23,0.000,0.000
2011-06-24,25154076.570,22804106.321
2011-06-25,38757829.648,37607620.796
2011-06-26,18222705.864,16646463.499
2011-06-27,66987577.021,65655422.914
2011-06-28,50321231.032,49107931.821
2011-06-29,0.000,0.000
2011-06-30,0.000,0.000
2011-07-01,0.000,0.000
2011-07-02,0.000,0.000
2011-07-03,0.000,0.000
2011-07-04,0.000,0.000
2011-07-05,0.000,0.000
2011-07-06,0.000,0.000
2011-07-07,0.000,0.000
2011-07-08,0.000,0.000
2011-07-09,0.000,0.000
2011-07-10,0.000,0.000
2011-07-11,0.000,0.000
2011-07-12,0.000,0.000
2011-07-13,7653.799,5646.531
2011-07-14,1299468.755,1247922.060
2011-07-15,1126301.913,988595.257
2011-07-16,11798507.532,11073452.625
2011-07-17,25930412.851,23848303.291
2011-07-18,23927558.643,20633947.332
2011-07-19,0.000,0.000
2011-07-20,31764328.794,30361827.145
2011-07-21,34242693.309,31639827.139
2011-07-22,37310586.089,32376603.793
2011-07-23,53517389.787,49861614.473
2011-07-24,29302166.162,27960017.092
2011-07-25,47642548.522,46921662.372
2011-07-26,9435114.771,9353390.571
2011-07-27,57527202.001,49494457.323
2011-07-28,31187749.423,28451108.291
2011-07-29,68007568.907,62685600.358
2011-07-30,12802150.426,11001871.994
2011-07-31,13065071.606,12704578.154
2011-08-01,2502777.267,2390887.452
2011-08-02,95867651.929,66580219.596
2011-08-03,104995412.320,39698965.713
2011-08-04,33047314.740,28804756.323
2011-08-05,90310499.552,87289125.760
2011-08-06,86286899.808,82667159.361
2011-08-07,25977393.845,25006581.247
2011-08-08,100147459.795,96302836.076
2011-08-09,75019636.402,72574038.097
2011-08-10,53469754.865,50046516.077
2011-08-11,0.000,0.000
2011-08-12,79620965.871,75839365.347
2011-08-13,8572335.776,7832441.223
2011-08-14,0.000,0.000
2011-08-15,0.000,0.000
2011-08-16,14385845.070,13273757.648
2011-08-17,61127180.705,56571582.511
2011-08-18,32904683.148,31802289.895
2011-08-19,0.000,0.000
2011-08-20,0.000,0.000
2011-08-21,59019580.542,53402605.380
2011-08-22,78103206.071,77107817.371
2011-08-23,0.000,0.000
2011-08-24,0.000,0.000
2011-08-25,0.000,0.000
2011-08-26,0.000,0.000
2011-08-27,0.000,0.000
2011-08-28,0.000,0.000
2011-08-29,0.000,0.000
2011-08-30,0.000,0.000
2011-08-31,0.000,0.000
2011-09-01,0.000,0.000
2011-09-02,0.000,0.000
2011-09-03,0.000,0.000
2011-09-04,0.000,0.000
2011-09-05,0.000,0.000
2011-09-06,0.000,0.000
2011-09-07,15588366.214,13217169.998
2011-09-08,63798633.129,57547113.708
2011-09-09,82180740.278,74454553.783
2011-09-10,23318509.842,22015518.791
2011-09-11,0.000,0.000
2011-09-12,45379840.692,29514464.127
2011-09-13,100182545.005,94309730.603
2011-09-14,128569358.477,118565768.436
2011-09-15,60409788.142,23487603.676
2011-09-16,65470574.264,58305802.682
2011-09-17,11075063.126,10867432.998
2011-09-18,3202275.108,3000012.773
2011-09-19,84752390.183,79569044.844
2011-09-20,91767586.941,82159849.581
2011-09-21,78350781.860,68810945.122
2011-09-22,111083844.773,101755286.042
2011-09-23,42968818.433,40520601.689
2011-09-24,44094755.126,42588266.382
2011-09-25,90767261.159,85159742.234
2011-09-26,103234025.163,98384456.469
2011-09-27,20706753.426,19977229.579
2011-09-28,56759133.617,51374083.847
2011-09-29,100764808.233,90476109.381
2011-09-30,28350065.571,27920607.481
2011-10-01,41945373.409,40754655.640
2011-10-02,145235095.653,140981801.789
2011-10-03,72859430.425,70080119.804
2011-10-04,128450083.383,109764296.511
2011-10-05,25094608.874,24771967.701
2011-10-06,0.000,0.000
2011-10-07,658548.663,597740.204
2011-10-08,123129577.609,116264028.769
2011-10-09,88522437.233,84354178.656
2011-10-10,51139763.661,48435980.489
2011-10-11,0.000,0.000
2011-10-12,109170314.894,104935456.856
2011-10-13,148630124.401,138967451.850
2011-10-14,28088892.944,27535884.319
2011-10-15,105720064.821,94310195.986
2011-10-16,147377774.728,140324041.954
2011-10-17,95523079.539,92667835.407
2011-10-18,2058428.414,2011035.260
2011-10-19,0.000,0.000
2011-10-20,0.000,0.000
2011-10-21,765.059,51.078
2011-10-22,134731771.343,125022241.103
2011-10-23,108086838.970,99404659.886
2011-10-24,26222172.275,25725961.254
2011-10-25,547532.620,484246.455
2011-10-26,40067630.187,38802528.782
2011-10-27,64210152.784,56510327.377
2011-10-28,715983.720,710302.549
2011-10-29,0.000,0.000
2011-10-30,81533558.542,76137499.800
2011-10-31,0.000,0.000
2011-11-01,0.000,0.000
2011-11-02,0.000,0.000
2011-11-03,0.000,0.000
2011-11-04,0.000,0.000
2011-11-05,0.000,0.000
2011-11-06,0.000,0.000
2011-11-07,0.000,0.000
2011-11-08,0.000,0.000
2011-11-09,0.000,0.000
2011-11-10,0.000,0.000
2011-11-11,0.000,0.000
2011-11-12,0.000,0.000
2011-11-13,0.000,0.000
2011-11-14,0.000,0.000
2011-11-15,0.000,0.000
2011-11-16,0.000,0.000
2011-11-17,0.000,0.000
2011-11-18,0.000,0.000
2011-11-19,0.000,0.000
2011-11-20,0.000,0.000
2011-11-21,0.000,0.000
2011-11-22,0.000,0.000
2011-11-23,0.000,0.000
2011-11-24,0.000,0.000
2011-11-25,0.000,0.000
2011-11-26,0.000,0.000
2011-11-27,0.000,0.000
2011-11-28,0.000,0.000
2011-11-29,0.000,0.000
2011-11-30,0.000,0.000
2011-12-01,0.000,0.000
2011-12-02,0.000,0.000
2011-12-03,0.000,0.000
2011-12-04,0.000,0.000
2011-12-05,0.000,0.000
2011-12-06,0.000,0.000
2011-12-07,0.000,0.000
2011-12-08,0.000,0.000
2011-12-09,0.000,0.000
2011-12-10,0.000,0.000
2011-12-11,0.000,0.000
2011-12-12,0.000,0.000
2011-12-13,0.000,0.000
2011-12-14,0.000,0.000
2011-12-15,0.000,0.000
2011-12-16,0.000,0.000
2011-12-17,0.000,0.000
2011-12-18,0.000,0.000
2011-12-19,0.000,0.000
2011-12-20,0.000,0.000
2011-12-21,0.000,0.000
2011-12-22,0.000,0.000
2011-12-23,0.000,0.000
2011-12-24,0.000,0.000
2011-12-25,0.000,0.000
2011-12-26,0.000,0.000
2011-12-27,0.000,0.000
2011-12-28,0.000,0.000
2011-12-29,0.000,0.000
2011-12-30,0.000,0.000
2011-12-31,0.000,0.000
2012-01-01,0.000,0.000
2012-01-02,0.000,0.000
2012-01-03,0.000,0.000
2012-01-04,0.000,0.000
2012-01-05,0.000,0.000
2012-01-06,0.000,0.000
2012-01-07,0.000,0.000
2012-01-08,0.000,0.000
2012-01-09,0.000,0.000
2012-01-10,0.000,0.000
2012-01-11,0.000,0.000
2012-01-12,0.000,0.000
2012-01-13,0.000,0.000
2012-01-14,0.000,0.000
2012-01-15,0.000,0.000
2012-01-16,0.000,0.000
2012-01-17,0.000,0.000
2012-01-18,0.000,0.000
2012-01-19,0.000,0.000
2012-01-20,0.000,0.000
2012-01-21,0.000,0.000
2012-01-22,0.000,0.000
2012-01-23,0.000,0.000
2012-01-24,0.000,0.000
2012-01-25,0.000,0.000
2012-01-26,0.000,0.000
2012-01-27,0.000,0.000
2012-01-28,0.000,0.000
2012-01-29,0.000,0.000
2012-01-30,0.000,0.000
2012-01-31,0.000,0.000
2012-02-01,0.000,0.000
2012-02-02,0.000,0.000
2012-02-03,0.000,0.000
2012-02-04,0.000,0.000
2012-02-05,0.000,0.000
2012-02-06,0.000,0.000
2012-02-07,0.000,0.000
2012-02-08,0.000,0.000
2012-02-09,0.000,0.000
2012-02-10,0.000,0.000
2012-02-11,0.000,0.000
2012-02-12,0.000,0.000
2012-02-13,0.000,0.000
2012-02-14,0.000,0.000
2012-02-15,0.000,0.000
2012-02-16,0.000,0.000
2012-02-17,0.000,0.000
2012-02-18,0.000,0.000
2012-02-19,0.000,0.000
2012-02-20,0.000,0.000
2012-02-21,0.000,0.000
2012-02-22,0.000,0.000
2012-02-23,0.000,0.000
2012-02-24,0.000,0.000
2012-02-25,0.000,0.000
2012-02-26,0.000,0.000
2012-02-27,0.000,0.000
2012-02-28,0.000,0.000
2012-02-29,0.000,0.000
2012-03-01,0.000,0.000
2012-03-02,0.000,0.000
2012-03-03,0.000,0.000
2012-03-04,0.000,0.000
2012-03-05,0.000,0.000
2012-03-06,0.000,0.000
2012-03-07,0.000,0.000
2012-03-08,0.000,0.000
2012-03-09,0.000,0.000
2012-03-10,0.000,0.000
2012-03-11,0.000,0.000
2012-03-12,0.000,0.000
2012-03-13,0.000,0.000
2012-03-14,0.000,0.000
2012-03-15,0.000,0.000
2012-03-16,0.000,0.000
2012-03-17,0.000,0.000
2012-03-18,0.000,0.000
2012-03-19,0.000,0.000
2012-03-20,0.000,0.000
2012-03-21,0.000,0.000
2012-03-22,0.000,0.000
2012-03-23,0.000,0.000
2012-03-24,0.000,0.000
2012-03-25,0.000,0.000
2012-03-26,0.000,0.000
2012-03-27,0.000,0.000
2012-03-28,0.000,0.000
2012-03-29,0.000,0.000
2012-03-30,0.000,0.000
2012-03-31,0.000,0.000
2012-04-01,0.000,0.000
2012-04-02,0.000,0.000
2012-04-03,0.000,0.000
2012-04-04,37292.049,25781.893
2012-04-05,5197790.769,2681383.850
2012-04-06,2933960.622,2369417.482
2012-04-07,14098738.086,11673162.630
2012-04-08,73292004.223,66148307.127
2012-04-09,55068583.916,49609234.899
2012-04-10,60794717.568,59138194.529
2012-04-11,38250566.989,37097259.959
2012-04-12,59455791.563,51433116.006
2012-04-13,46051828.039,43294582.156
2012-04-14,176904108.930,170722136.374
2012-04-15,97817857.645,93842535.527
2012-04-16,546039.490,538602.866
2012-04-17,35591.455,29476.442
2012-04-18,84269701.118,69704213.891
2012-04-19,93726399.146,68752471.218
2012-04-20,129806404.371,112366234.857
2012-04-21,0.000,0.000
2012-04-22,0.000,0.000
2012-04-23,0.000,0.000
2012-04-24,0.000,0.000
2012-04-25,0.000,0.000
2012-04-26,0.000,0.000
2012-04-27,0.000,0.000
2012-04-28,0.000,0.000
2012-04-29,0.000,0.000
2012-04-30,0.000,0.000
2012-05-01,1186330.335,1118857.997
2012-05-02,37340702.808,32123488.539
2012-05-03,53084977.607,51450930.553
2012-05-04,10584894.830,10488322.690
2012-05-05,0.000,0.000
2012-05-06,42170470.555,35966966.802
2012-05-07,78820454.601,77256062.479
2012-05-08,55515227.571,55108416.382
2012-05-09,0.000,0.000
2012-05-10,55296526.044,42622256.204
2012-05-11,31817885.840,29090341.926
2012-05-12,122892134.981,119612912.240
2012-05-13,127333178.582,123845575.631
2012-05-14,155141527.519,147134899.430
2012-05-15,166052302.134,159134799.507
2012-05-16,17230737.902,15706797.569
2012-05-17,101422865.173,91802482.068
2012-05-18,153428233.969,147881216.605
2012-05-19,196160909.270,188577304.958
2012-05-20,105274053.824,103480561.430
2012-05-21,110030980.582,98125348.749
2012-05-22,182991934.885,163668476.275
2012-05-23,119470757.989,104762933.295
2012-05-24,51360582.917,41140140.137
2012-05-25,167206472.535,162353214.285
2012-05-26,135641907.982,127096296.699
2012-05-27,17548713.505,16684900.494
2012-05-28,187293042.292,174415491.919
2012-05-29,77609710.826,74125138.470
2012-05-30,100699848.918,95892542.548
2012-05-31,152786591.579,149036257.956
2012-06-01,156008929.616,139474517.493
2012-06-02,234154147.914,228182082.138
2012-06-03,21984404.296,20676726.520
2012-06-04,86965424.574,73058894.830
2012-06-05,197284658.586,192879725.842
2012-06-06,100018024.228,84392250.358
2012-06-07,206164746.956,192038319.034
2012-06-08,130647987.688,126466207.095
2012-06-09,178907471.279,166408129.449
2012-06-10,223219942.606,212011520.184
2012-06-11,80794786.230,52132134.996
2012-06-12,185808568.239,164702853.854
2012-06-13,246098575.743,238277824.921
2012-06-14,108494973.818,102198604.378
2012-06-15,247866478.186,217259392.481
2012-06-16,251295988.244,244542267.769
2012-06-17,194507375.709,164395846.374
2012-06-18,51257334.396,49896186.908
2012-06-19,0.000,0.000
2012-06-20,0.000,0.000
2012-06-21,0.000,0.000
2012-06-22,0.000,0.000
2012-06-23,0.000,0.000
2012-06-24,0.000,0.000
2012-06-25,0.000,0.000
2012-06-26,0.000,0.000
2012-06-27,0.000,0.000
2012-06-28,0.000,0.000
2012-06-29,0.000,0.000
2012-06-30,0.000,0.000
2012-07-01,516767.013,336810.572
2012-07-02,44858882.096,35716127.385
2012-07-03,45170118.909,40250309.472
2012-07-04,167690960.203,159011737.706
2012-07-05,114251937.491,112227994.561
2012-07-06,7795620.168,6820579.761
2012-07-07,124429612.635,118413807.525
2012-07-08,55375537.641,52166828.289
2012-07-09,24322.801,21219.866
2012-07-10,48019.781,45573.194
2012-07-11,0.000,0.000
2012-07-12,38070.573,36589.629
2012-07-13,24437240.142,23861969.382
2012-07-14,224822173.719,219725873.543
2012-07-15,135731315.520,132532273.171
2012-07-16,100220513.093,98881689.190
2012-07-17,4961.789,4959.922
2012-07-18,21884.358,21730.267
2012-07-19,118349.855,117984.797
2012-07-20,180437667.071,175117183.012
2012-07-21,46634479.602,45464239.080
2012-07-22,268513013.385,263253236.379
2012-07-23,134000691.724,117639804.982
2012-07-24,206761676.225,202077468.760
2012-07-25,59379001.045,58934351.059
2012-07-26,127537019.469,122101626.928
2012-07-27,171694353.364,162918888.588
2012-07-28,224240554.449,217500592.636
2012-07-29,150049443.095,143876398.034
2012-07-30,186697548.326,181663442.381
2012-07-31,153057207.781,149183637.730
2012-08-01,167644114.123,158027451.352
2012-08-02,110805256.582,104276927.276
2012-08-03,153490413.253,133825267.615
2012-08-04,183343814.806,169007942.564
2012-08-05,0.000,0.000
2012-08-06,65778769.762,63933843.987
2012-08-07,43326085.346,41898976.885
2012-08-08,233755956.034,226662323.525
2012-08-09,154588148.786,149695210.462
2012-08-10,84326315.263,73100864.427
2012-08-11,0.000,0.000
2012-08-12,43487157.081,34432863.751
2012-08-13,110781974.526,87067413.295
2012-08-14,0.000,0.000
2012-08-15,103427603.870,100066826.510
2012-08-16,114190668.149,109257477.698
2012-08-17,196594470.974,176131469.728
2012-08-18,249039026.911,239214392.861
2012-08-19,34207086.322,30973280.758
2012-08-20,117985726.014,116108746.394
2012-08-21,161461786.256,121714629.789
2012-08-22,174016675.845,68523081.400
2012-08-23,148169943.950,137239279.234
2012-08-24,217802638.871,206881398.522
2012-08-25,182442292.432,173190144.866
2012-08-26,177181464.751,169316532.113
2012-08-27,39379884.285,37714347.147
2012-08-28,174235870.839,135811265.095
2012-08-29,0.000,0.000
2012-08-30,38078301.471,29249023.345
2012-08-31,201254350.694,196561902.858
2012-09-01,160168769.846,152380441.242
2012-09-02,238861336.235,228445088.252
2012-09-03,90286185.741,88735990.923
2012-09-04,113515151.888,109002229.627
2012-09-05,193397187.450,189364261.061
2012-09-06,179032941.791,169263215.521
2012-09-07,118341947.889,113616681.609
2012-09-08,67995555.764,61585058.544
2012-09-09,209947723.026,206473387.475
2012-09-10,40399245.697,40013695.631
2012-09-11,0.000,0.000
2012-09-12,0.000,0.000
2012-09-13,0.000,0.000
2012-09-14,0.000,0.000
2012-09-15,85072644.814,83329301.848
2012-09-16,165931311.133,163517610.547
2012-09-17,44841287.854,44358593.151
2012-09-18,0.000,0.000
2012-09-19,0.000,0.000
2012-09-20,0.000,0.000
2012-09-21,0.000,0.000
2012-09-22,0.000,0.000
2012-09-23,0.000,0.000
2012-09-24,0.000,0.000
2012-09-25,0.000,0.000
2012-09-26,1424768.855,1334072.478
2012-09-27,5566211.270,5007383.548
2012-09-28,53240380.820,48298933.583
2012-09-29,12109523.006,11784481.555
2012-09-30,242138451.629,237102740.659
2012-10-01,38075008.452,36173666.709
2012-10-02,140208321.930,127598436.923
2012-10-03,120829407.474,116764492.296
2012-10-04,84700666.073,81292445.927
2012-10-05,244437050.254,228102710.405
2012-10-06,285801582.729,275585612.207
2012-10-07,195422629.755,191019225.763
2012-10-08,9381918.438,9321821.888
2012-10-09,0.000,0.000
2012-10-10,0.000,0.000
2012-10-11,0.000,0.000
2012-10-12,103763.174,97257.999
2012-10-13,471341.219,445349.442
2012-10-14,108122387.409,105595156.272
2012-10-15,140964729.903,136106546.751
2012-10-16,121173367.252,115516657.617
2012-10-17,258264555.652,251870956.374
2012-10-18,62922057.908,62345560.457
2012-10-19,123299927.359,85385346.257
2012-10-20,208123602.008,181870536.448
2012-10-21,177620923.692,165890043.482
2012-10-22,171443558.764,164901255.292
2012-10-23,124894447.684,121798997.298
2012-10-24,94798813.006,92754161.035
2012-10-25,42968136.030,36522751.788
2012-10-26,38442431.512,37113305.889
2012-10-27,227301136.634,220469831.864
2012-10-28,156763054.366,152572434.288
2012-10-29,127802871.439,122103244.157
2012-10-30,158361550.280,141513014.231
2012-10-31,118229390.867,115100896.485
2012-11-01,216173227.241,212611733.235
2012-11-02,173223676.284,165066857.196
2012-11-03,219722041.164,209599676.744
2012-11-04,42974754.413,34132861.035
2012-11-05,236116109.348,223628843.928
2012-11-06,142594169.845,139734027.521
2012-11-07,177034329.083,171190113.318
2012-11-08,72225101.065,62875797.753
2012-11-09,127264719.292,123663786.614
2012-11-10,0.000,0.000
2012-11-11,82416650.192,80895140.873
2012-11-12,49790804.188,48584838.739
2012-11-13,153581966.195,147294733.436
2012-11-14,258758328.890,251265614.550
2012-11-15,211619463.693,192476093.681
2012-11-16,97167719.749,91190385.349
2012-11-17,190594815.157,186069692.308
2012-11-18,245416766.633,238033219.371
2012-11-19,148310581.970,143933352.221
2012-11-20,0.000,0.000
2012-11-21,0.000,0.000
2012-11-22,53567.142,46425.975
2012-11-23,17790.452,16478.671
2012-11-24,178359591.678,163003958.669
2012-11-25,285463272.095,279856405.397
2012-11-26,59491756.759,57194935.822
2012-11-27,0.000,0.000
2012-11-28,0.000,0.000
2012-11-29,0.000,0.000
2012-11-30,255839643.865,223563896.217
2012-12-01,146848429.396,138478999.930
2012-12-02,207688078.540,192862613.974
2012-12-03,134385573.036,130534716.197
2012-12-04,148399172.760,143067419.267
2012-12-05,117954192.719,112879351.748
2012-12-06,10115175.572,9975616.542
2012-12-07,0.000,0.000
2012-12-08,0.000,0.000
2012-12-09,0.000,0.000
2012-12-10,0.000,0.000
2012-12-11,0.000,0.000
2012-12-12,0.000,0.000
2012-12-13,0.000,0.000
2012-12-14,0.000,0.000
2012-12-15,3093636.753,3039704.093
2012-12-16,10888519.229,10794743.415
2012-12-17,0.000,0.000
2012-12-18,0.000,0.000
2012-12-19,0.000,0.000
2012-12-20,0.000,0.000
2012-12-21,0.000,0.000
2012-12-22,0.000,0.000
2012-12-23,0.000,0.000
2012-12-24,0.000,0.000
2012-12-25,0.000,0.000
2012-12-26,0.000,0.000
2012-12-27,0.000,0.000
2012-12-28,0.000,0.000
2012-12-29,0.000,0.000
2012-12-30,0.000,0.000
2012-12-31,0.000,0.000
2013-01-01,0.000,0.000
2013-01-02,0.000,0.000
2013-01-03,0.000,0.000
2013-01-04,0.000,0.000
2013-01-05,0.000,0.000
2013-01-06,0.000,0.000
2013-01-07,0.000,0.000
2013-01-08,0.000,0.000
2013-01-09,0.000,0.000
2013-01-10,0.000,0.000
2013-01-11,0.000,0.000
2013-01-12,0.000,0.000
2013-01-13,0.000,0.000
2013-01-14,0.000,0.000
2013-01-15,0.000,0.000
2013-01-16,0.000,0.000
2013-01-17,0.000,0.000
2013-01-18,0.000,0.000
2013-01-19,0.000,0.000
2013-01-20,0.000,0.000
2013-01-21,0.000,0.000
2013-01-22,0.000,0.000
2013-01-23,0.000,0.000
2013-01-24,0.000,0.000
2013-01-25,0.000,0.000
2013-01-26,0.000,0.000
2013-01-27,0.000,0.000
2013-01-28,0.000,0.000
2013-01-29,0.000,0.000
2013-01-30,0.000,0.000
2013-01-31,0.000,0.000
2013-02-01,0.000,0.000
2013-02-02,0.000,0.000
2013-02-03,0.000,0.000
2013-02-04,0.000,0.000
2013-02-05,0.000,0.000
2013-02-06,0.000,0.000
2013-02-07,0.000,0.000
2013-02-08,0.000,0.000
2013-02-09,0.000,0.000
2013-02-10,0.000,0.000
2013-02-11,22439.616,20986.152
2013-02-12,2383443.087,2333075.739
2013-02-13,2862689.750,2827034.758
2013-02-14,343221.210,330745.621
2013-02-15,0.000,0.000
2013-02-16,0.000,0.000
2013-02-17,0.000,0.000
2013-02-18,0.000,0.000
2013-02-19,0.000,0.000
2013-02-20,0.000,0.000
2013-02-21,0.000,0.000
2013-02-22,0.000,0.000
2013-02-23,0.000,0.000
2013-02-24,0.000,0.000
2013-02-25,0.000,0.000
2013-02-26,0.000,0.000
2013-02-27,0.000,0.000
2013-02-28,0.000,0.000
2013-03-01,0.000,0.000
2013-03-02,0.000,0.000
2013-03-03,0.000,0.000
2013-03-04,0.000,0.000
2013-03-05,0.000,0.000
2013-03-06,0.000,0.000
2013-03-07,0.000,0.000
2013-03-08,0.000,0.000
2013-03-09,0.000,0.000
2013-03-10,0.000,0.000
2013-03-11,0.000,0.000
2013-03-12,0.000,0.000
2013-03-13,0.000,0.000
2013-03-14,0.000,0.000
2013-03-15,0.000,0.000
2013-03-16,0.000,0.000
2013-03-17,0.000,0.000
2013-03-18,0.000,0.000
2013-03-19,0.000,0.000
2013-03-20,0.000,0.000
2013-03-21,0.000,0.000
2013-03-22,0.000,0.000
2013-03-23,0.000,0.000
2013-03-24,0.000,0.000
2013-03-25,0.000,0.000
2013-03-26,0.000,0.000
2013-03-27,0.000,0.000
2013-03-28,0.000,0.000
2013-03-29,0.000,0.000
2013-03-30,0.000,0.000
2013-03-31,0.000,0.000
2013-04-01,0.000,0.000
2013-04-02,0.000,0.000
2013-04-03,0.000,0.000
2013-04-04,0.000,0.000
2013-04-05,0.000,0.000
2013-04-06,0.000,0.000
2013-04-07,0.000,0.000
2013-04-08,0.000,0.000
2013-04-09,0.000,0.000
2013-04-10,0.000,0.000
2013-04-11,0.000,0.000
2013-04-12,0.000,0.000
2013-04-13,0.000,0.000
2013-04-14,0.000,0.000
2013-04-15,0.000,0.000
2013-04-16,0.000,0.000
2013-04-17,0.000,0.000
2013-04-18,0.000,0.000
2013-04-19,0.000,0.000
2013-04-20,0.000,0.000
2013-04-21,0.000,0.000
2013-04-22,0.000,0.000
2013-04-23,0.000,0.000
2013-04-24,0.000,0.000
2013-04-25,0.000,0.000
2013-04-26,0.000,0.000
2013-04-27,0.000,0.000
2013-04-28,0.000,0.000
2013-04-29,0.000,0.000
2013-04-30,0.000,0.000
2013-05-01,0.000,0.000
2013-05-02,0.000,0.000
2013-05-03,0.000,0.000
2013-05-04,0.000,0.000
2013-05-05,0.000,0.000
2013-05-06,0.000,0.000
2013-05-07,0.000,0.000
2013-05-08,0.000,0.000
2013-05-09,0.000,0.000
2013-05-10,0.000,0.000
2013-05-11,0.000,0.000
2013-05-12,0.000,0.000
2013-05-13,0.000,0.000
2013-05-14,0.000,0.000
2013-05-15,0.000,0.000
2013-05-16,0.000,0.000
2013-05-17,0.000,0.000
2013-05-18,0.000,0.000
2013-05-19,0.000,0.000
2013-05-20,0.000,0.000
2013-05-21,0.000,0.000
2013-05-22,0.000,0.000
2013-05-23,0.000,0.000
2013-05-24,0.000,0.000
2013-05-25,0.000,0.000
2013-05-26,0.000,0.000
2013-05-27,0.000,0.000
2013-05-28,0.000,0.000
2013-05-29,0.000,0.000
2013-05-30,0.000,0.000
2013-05-31,0.000,0.000
2013-06-01,0.000,0.000
2013-06-02,0.000,0.000
2013-06-03,0.000,0.000
2013-06-04,0.000,0.000
2013-06-05,0.000,0.000
2013-06-06,0.000,0.000
2013-06-07,0.000,0.000
2013-06-08,0.000,0.000
2013-06-09,0.000,0.000
2013-06-10,0.000,0.000
2013-06-11,0.000,0.000
2013-06-12,0.000,0.000
2013-06-13,0.000,0.000
2013-06-14,0.000,0.000
2013-06-15,0.000,0.000
2013-06-16,0.000,0.000
2013-06-17,0.000,0.000
2013-06-18,0.000,0.000
2013-06-19,0.000,0.000
2013-06-20,0.000,0.000
2013-06-21,0.000,0.000
2013-06-22,0.000,0.000
2013-06-23,0.000,0.000
2013-06-24,0.000,0.000
2013-06-25,0.000,0.000
2013-06-26,0.000,0.000
2013-06-27,0.000,0.000
2013-06-28,0.000,0.000
2013-06-29,0.000,0.000
2013-06-30,0.000,0.000
2013-07-01,0.000,0.000
2013-07-02,0.000,0.000
2013-07-03,0.000,0.000
2013-07-04,0.000,0.000
2013-07-05,0.000,0.000
2013-07-06,0.000,0.000
2013-07-07,0.000,0.000
2013-07-08,0.000,0.000
2013-07-09,0.000,0.000
2013-07-10,0.000,0.000
2013-07-11,0.000,0.000
2013-07-12,0.000,0.000
2013-07-13,0.000,0.000
2013-07-14,0.000,0.000
2013-07-15,0.000,0.000
2013-07-16,0.000,0.000
2013-07-17,0.000,0.000
2013-07-18,0.000,0.000
2013-07-19,0.000,0.000
2013-07-20,0.000,0.000
2013-07-21,0.000,0.000
2013-07-22,0.000,0.000
2013-07-23,0.000,0.000
2013-07-24,0.000,0.000
2013-07-25,0.000,0.000
2013-07-26,0.000,0.000
2013-07-27,0.000,0.000
2013-07-28,0.000,0.000
2013-07-29,0.000,0.000
2013-07-30,0.000,0.000
2013-07-31,0.000,0.000
2013-08-01,0.000,0.000
2013-08-02,0.000,0.000
2013-08-03,0.000,0.000
2013-08-04,0.000,0.000
2013-08-05,0.000,0.000
2013-08-06,0.000,0.000
2013-08-07,0.000,0.000
2013-08-08,0.000,0.000
2013-08-09,0.000,0.000
2013-08-10,0.000,0.000
2013-08-11,0.000,0.000
2013-08-12,0.000,0.000
2013-08-13,0.000,0.000
2013-08-14,0.000,0.000
2013-08-15,0.000,0.000
2013-08-16,0.000,0.000
2013-08-17,0.000,0.000
2013-08-18,0.000,0.000
2013-08-19,0.000,0.000
2013-08-20,0.000,0.000
2013-08-21,0.000,0.000
2013-08-22,0.000,0.000
2013-08-23,0.000,0.000
2013-08-24,0.000,0.000
2013-08-25,0.000,0.000
2013-08-26,0.000,0.000
2013-08-27,0.000,0.000
2013-08-28,0.000,0.000
2013-08-29,0.000,0.000
2013-08-30,0.000,0.000
2013-08-31,0.000,0.000
2013-09-01,0.000,0.000
2013-09-02,0.000,0.000
2013-09-03,0.000,0.000
2013-09-04,0.000,0.000
2013-09-05,0.000,0.000
2013-09-06,0.000,0.000
2013-09-07,0.000,0.000
2013-09-08,0.000,0.000
2013-09-09,0.000,0.000
2013-09-10,0.000,0.000
2013-09-11,0.000,0.000
2013-09-12,0.000,0.000
2013-09-13,0.000,0.000
2013-09-14,0.000,0.000
2013-09-15,0.000,0.000
2013-09-16,0.000,0.000
2013-09-17,0.000,0.000
2013-09-18,0.000,0.000
2013-09-19,0.000,0.000
2013-09-20,0.000,0.000
2013-09-21,0.000,0.000
2013-09-22,0.000,0.000
2013-09-23,0.000,0.000
2013-09-24,0.000,0.000
2013-09-25,0.000,0.000
2013-09-26,0.000,0.000
2013-09-27,0.000,0.000
2013-09-28,0.000,0.000
2013-09-29,0.000,0.000
2013-09-30,0.000,0.000
2013-10-01,0.000,0.000
2013-10-02,0.000,0.000
2013-10-03,0.000,0.000
2013-10-04,0.000,0.000
2013-10-05,0.000,0.000
2013-10-06,0.000,0.000
2013-10-07,0.000,0.000
2013-10-08,0.000,0.000
2013-10-09,0.000,0.000
2013-10-10,0.000,0.000
2013-10-11,0.000,0.000
2013-10-12,0.000,0.000
2013-10-13,0.000,0.000
2013-10-14,0.000,0.000
2013-10-15,0.000,0.000
2013-10-16,0.000,0.000
2013-10-17,0.000,0.000
2013-10-18,0.000,0.000
2013-10-19,0.000,0.000
2013-10-20,0.000,0.000
2013-10-21,0.000,0.000
2013-10-22,0.000,0.000
2013-10-23,0.000,0.000
2013-10-24,0.000,0.000
2013-10-25,0.000,0.000
2013-10-26,0.000,0.000
2013-10-27,0.000,0.000
2013-10-28,0.000,0.000
2013-10-29,0.000,0.000
2013-10-30,0.000,0.000
2013-10-31,0.000,0.000
2013-11-01,0.000,0.000
2013-11-02,0.000,0.000
2013-11-03,0.000,0.000
2013-11-04,0.000,0.000
2013-11-05,0.000,0.000
2013-11-06,0.000,0.000
2013-11-07,0.000,0.000
2013-11-08,0.000,0.000
2013-11-09,0.000,0.000
2013-11-10,0.000,0.000
2013-11-11,0.000,0.000
2013-11-12,0.000,0.000
2013-11-13,0.000,0.000
2013-11-14,0.000,0.000
2013-11-15,0.000,0.000
2013-11-16,0.000,0.000
2013-11-17,0.000,0.000
2013-11-18,0.000,0.000
2013-11-19,0.000,0.000
2013-11-20,0.000,0.000
2013-11-21,0.000,0.000
2013-11-22,0.000,0.000
2013-11-23,0.000,0.000
2013-11-24,0.000,0.000
2013-11-25,0.000,0.000
2013-11-26,0.000,0.000
2013-11-27,0.000,0.000
2013-11-28,0.000,0.000
2013-11-29,0.000,0.000
2013-11-30,0.000,0.000
2013-12-01,0.000,0.000
2013-12-02,0.000,0.000
2013-12-03,0.000,0.000
2013-12-04,0.000,0.000
2013-12-05,0.000,0.000
2013-12-06,0.000,0.000
2013-12-07,0.000,0.000
2013-12-08,0.000,0.000
2013-12-09,0.000,0.000
2013-12-10,0.000,0.000
2013-12-11,0.000,0.000
2013-12-12,0.000,0.000
2013-12-13,0.000,0.000
2013-12-14,0.000,0.000
2013-12-15,0.000,0.000
2013-12-16,0.000,0.000
2013-12-17,0.000,0.000
2013-12-18,0.000,0.000
2013-12-19,0.000,0.000
2013-12-20,0.000,0.000
2013-12-21,0.000,0.000
2013-12-22,0.000,0.000
2013-12-23,0.000,0.000
2013-12-24,0.000,0.000
2013-12-25,0.000,0.000
2013-12-26,0.000,0.000
2013-12-27,0.000,0.000
2013-12-28,0.000,0.000
2013-12-29,0.000,0.000
2013-12-30,0.000,0.000
2013-12-31,0.000,0.000
2014-01-01,0.000,0.000
2014-01-02,0.000,0.000
2014-01-03,0.000,0.000
2014-01-04,0.000,0.000
2014-01-05,0.000,0.000
2014-01-06,0.000,0.000
2014-01-07,0.000,0.000
2014-01-08,0.000,0.000
2014-01-09,0.000,0.000
2014-01-10,0.000,0.000
2014-01-11,0.000,0.000
2014-01-12,0.000,0.000
2014-01-13,0.000,0.000
2014-01-14,0.000,0.000
2014-01-15,0.000,0.000
2014-01-16,0.000,0.000
2014-01-17,0.000,0.000
2014-01-18,0.000,0.000
2014-01-19,0.000,0.000
2014-01-20,0.000,0.000
2014-01-21,0.000,0.000
2014-01-22,0.000,0.000
2014-01-23,0.000,0.000
2014-01-24,0.000,0.000
2014-01-25,0.000,0.000
2014-01-26,0.000,0.000
2014-01-27,0.000,0.000
2014-01-28,0.000,0.000
2014-01-29,0.000,0.000
2014-01-30,0.000,0.000
2014-01-31,0.000,0.000
2014-02-01,0.000,0.000
2014-02-02,0.000,0.000
2014-02-03,0.000,0.000
2014-02-04,0.000,0.000
2014-02-05,0.000,0.000
2014-02-06,0.000,0.000
2014-02-07,0.000,0.000
2014-02-08,0.000,0.000
2014-02-09,0.000,0.000
2014-02-10,0.000,0.000
2014-02-11,0.000,0.000
2014-02-12,0.000,0.000
2014-02-13,0.000,0.000
2014-02-14,0.000,0.000
2014-02-15,0.000,0.000
2014-02-16,0.000,0.000
2014-02-17,0.000,0.000
2014-02-18,0.000,0.000
2014-02-19,0.000,0.000
2014-02-20,0.000,0.000
2014-02-21,0.000,0.000
2014-02-22,0.000,0.000
2014-02-23,0.000,0.000
2014-02-24,0.000,0.000
2014-02-25,0.000,0.000
2014-02-26,0.000,0.000
2014-02-27,0.000,0.000
2014-02-28,0.000,0.000
2014-03-01,0.000,0.000
2014-03-02,0.000,0.000
2014-03-03,0.000,0.000
2014-03-04,0.000,0.000
2014-03-05,0.000,0.000
2014-03-06,0.000,0.000
2014-03-07,0.000,0.000
2014-03-08,0.000,0.000
2014-03-09,0.000,0.000
2014-03-10,0.000,0.000
2014-03-11,0.000,0.000
2014-03-12,0.000,0.000
2014-03-13,0.000,0.000
2014-03-14,0.000,0.000
2014-03-15,0.000,0.000
2014-03-16,0.000,0.000
2014-03-17,0.000,0.000
2014-03-18,0.000,0.000
2014-03-19,0.000,0.000
2014-03-20,0.000,0.000
2014-03-21,0.000,0.000
2014-03-22,0.000,0.000
2014-03-23,0.000,0.000
2014-03-24,0.000,0.000
2014-03-25,0.000,0.000
2014-03-26,0.000,0.000
2014-03-27,0.000,0.000
2014-03-28,0.000,0.000
2014-03-29,0.000,0.000
2014-03-30,0.000,0.000
2014-03-31,0.000,0.000
2014-04-01,0.000,0.000
2014-04-02,0.000,0.000
2014-04-03,0.000,0.000
2014-04-04,0.000,0.000
2014-04-05,0.000,0.000
2014-04-06,0.000,0.000
2014-04-07,0.000,0.000
2014-04-08,0.000,0.000
2014-04-09,0.000,0.000
2014-04-10,0.000,0.000
2014-04-11,0.000,0.000
2014-04-12,0.000,0.000
2014-04-13,0.000,0.000
2014-04-14,0.000,0.000
2014-04-15,0.000,0.000
2014-04-16,0.000,0.000
2014-04-17,0.000,0.000
2014-04-18,0.000,0.000
2014-04-19,0.000,0.000
2014-04-20,0.000,0.000
2014-04-21,0.000,0.000
2014-04-22,0.000,0.000
2014-04-23,0.000,0.000
2014-04-24,0.000,0.000
2014-04-25,0.000,0.000
2014-04-26,0.000,0.000
2014-04-27,0.000,0.000
2014-04-28,0.000,0.000
2014-04-29,0.000,0.000
2014-04-30,0.000,0.000
2014-05-01,0.000,0.000
2014-05-02,0.000,0.000
2014-05-03,0.000,0.000
2014-05-04,0.000,0.000
2014-05-05,0.000,0.000
2014-05-06,0.000,0.000
2014-05-07,0.000,0.000
2014-05-08,0.000,0.000
2014-05-09,0.000,0.000
2014-05-10,0.000,0.000
2014-05-11,0.000,0.000
2014-05-12,0.000,0.000
2014-05-13,0.000,0.000
2014-05-14,0.000,0.000
2014-05-15,0.000,0.000
2014-05-16,0.000,0.000
2014-05-17,0.000,0.000
2014-05-18,0.000,0.000
2014-05-19,0.000,0.000
2014-05-20,0.000,0.000
2014-05-21,0.000,0.000
2014-05-22,0.000,0.000
2014-05-23,0.000,0.000
2014-05-24,0.000,0.000
2014-05-25,0.000,0.000
2014-05-26,0.000,0.000
2014-05-27,0.000,0.000
2014-05-28,0.000,0.000
2014-05-29,0.000,0.000
2014-05-30,0.000,0.000
2014-05-31,0.000,0.000
2014-06-01,0.000,0.000
2014-06-02,0.000,0.000
2014-06-03,0.000,0.000
2014-06-04,0.000,0.000
2014-06-05,0.000,0.000
2014-06-06,0.000,0.000
2014-06-07,0.000,0.000
2014-06-08,0.000,0.000
2014-06-09,0.000,0.000
2014-06-10,0.000,0.000
2014-06-11,0.000,0.000
2014-06-12,0.000,0.000
2014-06-13,0.000,0.000
2014-06-14,0.000,0.000
2014-06-15,0.000,0.000
2014-06-16,0.000,0.000
2014-06-17,0.000,0.000
2014-06-18,0.000,0.000
2014-06-19,0.000,0.000
2014-06-20,0.000,0.000
2014-06-21,0.000,0.000
2014-06-22,0.000,0.000
2014-06-23,0.000,0.000
2014-06-24,0.000,0.000
2014-06-25,0.000,0.000
2014-06-26,0.000,0.000
2014-06-27,0.000,0.000
2014-06-28,0.000,0.000
2014-06-29,0.000,0.000
2014-06-30,0.000,0.000
2014-07-01,0.000,0.000
2014-07-02,0.000,0.000
2014-07-03,0.000,0.000
2014-07-04,0.000,0.000
2014-07-05,0.000,0.000
2014-07-06,0.000,0.000
2014-07-07,0.000,0.000
2014-07-08,0.000,0.000
2014-07-09,0.000,0.000
2014-07-10,0.000,0.000
2014-07-11,0.000,0.000
2014-07-12,0.000,0.000
2014-07-13,0.000,0.000
2014-07-14,0.000,0.000
2014-07-15,0.000,0.000
2014-07-16,0.000,0.000
2014-07-17,0.000,0.000
2014-07-18,0.000,0.000
2014-07-19,0.000,0.000
2014-07-20,0.000,0.000
2014-07-21,0.000,0.000
2014-07-22,0.000,0.000
2014-07-23,0.000,0.000
2014-07-24,0.000,0.000
2014-07-25,0.000,0.000
2014-07-26,0.000,0.000
2014-07-27,0.000,0.000
2014-07-28,0.000,0.000
2014-07-29,0.000,0.000
2014-07-30,0.000,0.000
2014-07-31,0.000,0.000
2014-08-01,0.000,0.000
2014-08-02,0.000,0.000
2014-08-03,0.000,0.000
2014-08-04,0.000,0.000
2014-08-05,0.000,0.000
2014-08-06,0.000,0.000
2014-08-07,0.000,0.000
2014-08-08,0.000,0.000
2014-08-09,0.000,0.000
2014-08-10,0.000,0.000
2014-08-11,0.000,0.000
2014-08-12,0.000,0.000
2014-08-13,0.000,0.000
2014-08-14,0.000,0.000
2014-08-15,0.000,0.000
2014-08-16,0.000,0.000
2014-08-17,0.000,0.000
2014-08-18,0.000,0.000
2014-08-19,0.000,0.000
2014-08-20,0.000,0.000
2014-08-21,0.000,0.000
2014-08-22,0.000,0.000
2014-08-23,0.000,0.000
2014-08-24,0.000,0.000
2014-08-25,0.000,0.000
2014-08-26,0.000,0.000
2014-08-27,0.000,0.000
2014-08-28,0.000,0.000
2014-08-29,0.000,0.000
2014-08-30,0.000,0.000
2014-08-31,0.000,0.000
2014-09-01,0.000,0.000
2014-09-02,0.000,0.000
2014-09-03,0.000,0.000
2014-09-04,0.000,0.000
2014-09-05,0.000,0.000
2014-09-06,0.000,0.000
2014-09-07,0.000,0.000
2014-09-08,0.000,0.000
2014-09-09,0.000,0.000
2014-09-10,0.000,0.000
2014-09-11,0.000,0.000
2014-09-12,0.000,0.000
2014-09-13,0.000,0.000
2014-09-14,0.000,0.000
2014-09-15,0.000,0.000
2014-09-16,0.000,0.000
2014-09-17,0.000,0.000
2014-09-18,0.000,0.000
2014-09-19,0.000,0.000
2014-09-20,0.000,0.000
2014-09-21,0.000,0.000
2014-09-22,0.000,0.000
2014-09-23,0.000,0.000
2014-09-24,0.000,0.000
2014-09-25,0.000,0.000
2014-09-26,0.000,0.000
2014-09-27,0.000,0.000
2014-09-28,0.000,0.000
2014-09-29,0.000,0.000
2014-09-30,0.000,0.000
2014-10-01,0.000,0.000
2014-10-02,0.000,0.000
2014-10-03,0.000,0.000
2014-10-04,0.000,0.000
2014-10-05,0.000,0.000
2014-10-06,0.000,0.000
2014-10-07,0.000,0.000
2014-10-08,0.000,0.000
2014-10-09,0.000,0.000
2014-10-10,0.000,0.000
2014-10-11,0.000,0.000
2014-10-12,0.000,0.000
2014-10-13,0.000,0.000
2014-10-14,0.000,0.000
2014-10-15,0.000,0.000
2014-10-16,0.000,0.000
2014-10-17,0.000,0.000
2014-10-18,0.000,0.000
2014-10-19,0.000,0.000
2014-10-20,0.000,0.000
2014-10-21,0.000,0.000
2014-10-22,0.000,0.000
2014-10-23,0.000,0.000
2014-10-24,0.000,0.000
2014-10-25,0.000,0.000
2014-10-26,0.000,0.000
2014-10-27,0.000,0.000
2014-10-28,0.000,0.000
2014-10-29,0.000,0.000
2014-10-30,0.000,0.000
2014-10-31,0.000,0.000
2014-11-01,0.000,0.000
2014-11-02,0.000,0.000
2014-11-03,0.000,0.000
2014-11-04,0.000,0.000
2014-11-05,0.000,0.000
2014-11-06,0.000,0.000
2014-11-07,0.000,0.000
2014-11-08,0.000,0.000
2014-11-09,0.000,0.000
2014-11-10,0.000,0.000
2014-11-11,0.000,0.000
2014-11-12,0.000,0.000
2014-11-13,0.000,0.000
2014-11-14,0.000,0.000
2014-11-15,0.000,0.000
2014-11-16,0.000,0.000
2014-11-17,0.000,0.000
2014-11-18,0.000,0.000
2014-11-19,0.000,0.000
2014-11-20,0.000,0.000
2014-11-21,0.000,0.000
2014-11-22,0.000,0.000
2014-11-23,0.000,0.000
2014-11-24,0.000,0.000
2014-11-25,0.000,0.000
2014-11-26,0.000,0.000
2014-11-27,0.000,0.000
2014-11-28,0.000,0.000
2014-11-29,0.000,0.000
2014-11-30,0.000,0.000
2014-12-01,0.000,0.000
2014-12-02,0.000,0.000
2014-12-03,0.000,0.000
2014-12-04,0.000,0.000
2014-12-05,0.000,0.000
2014-12-06,0.000,0.000
2014-12-07,0.000,0.000
2014-12-08,0.000,0.000
2014-12-09,0.000,0.000
2014-12-10,0.000,0.000
2014-12-11,0.000,0.000
2014-12-12,0.000,0.000
2014-12-13,0.000,0.000
2014-12-14,0.000,0.000
2014-12-15,0.000,0.000
2014-12-16,0.000,0.000
2014-12-17,0.000,0.000
2014-12-18,0.000,0.000
2014-12-19,0.000,0.000
2014-12-20,0.000,0.000
2014-12-21,0.000,0.000
2014-12-22,0.000,0.000
2014-12-23,0.000,0.000
2014-12-24,0.000,0.000
2014-12-25,0.000,0.000
2014-12-26,0.000,0.000
2014-12-27,0.000,0.000
2014-12-28,0.000,0.000
2014-12-29,0.000,0.000
2014-12-30,0.000,0.000
2014-12-31,0.000,0.000
2015-01-01,0.000,0.000
2015-01-02,0.000,0.000
2015-01-03,0.000,0.000
2015-01-04,0.000,0.000
2015-01-05,0.000,0.000
2015-01-06,0.000,0.000
2015-01-07,0.000,0.000
2015-01-08,0.000,0.000
2015-01-09,0.000,0.000
2015-01-10,0.000,0.000
2015-01-11,0.000,0.000
2015-01-12,0.000,0.000
2015-01-13,0.000,0.000
2015-01-14,0.000,0.000
2015-01-15,0.000,0.000
2015-01-16,0.000,0.000
2015-01-17,0.000,0.000
2015-01-18,0.000,0.000
2015-01-19,0.000,0.000
2015-01-20,0.000,0.000
2015-01-21,0.000,0.000
2015-01-22,0.000,0.000
2015-01-23,0.000,0.000
2015-01-24,0.000,0.000
2015-01-25,0.000,0.000
2015-01-26,0.000,0.000
2015-01-27,0.000,0.000
2015-01-28,0.000,0.000
2015-01-29,0.000,0.000
2015-01-30,0.000,0.000
2015-01-31,0.000,0.000
2015-02-01,0.000,0.000
2015-02-02,0.000,0.000
2015-02-03,0.000,0.000
2015-02-04,0.000,0.000
2015-02-05,0.000,0.000
2015-02-06,0.000,0.000
2015-02-07,0.000,0.000
2015-02-08,0.000,0.000
2015-02-09,0.000,0.000
2015-02-10,0.000,0.000
2015-02-11,0.000,0.000
2015-02-12,0.000,0.000
2015-02-13,0.000,0.000
2015-02-14,0.000,0.000
2015-02-15,0.000,0.000
2015-02-16,0.000,0.000
2015-02-17,0.000,0.000
2015-02-18,0.000,0.000
2015-02-19,0.000,0.000
2015-02-20,0.000,0.000
2015-02-21,0.000,0.000
2015-02-22,0.000,0.000
2015-02-23,0.000,0.000
2015-02-24,0.000,0.000
2015-02-25,0.000,0.000
2015-02-26,0.000,0.000
2015-02-27,0.000,0.000
2015-02-28,0.000,0.000
2015-03-01,0.000,0.000
2015-03-02,0.000,0.000
2015-03-03,0.000,0.000
2015-03-04,0.000,0.000
2015-03-05,0.000,0.000
2015-03-06,0.000,0.000
2015-03-07,0.000,0.000
2015-03-08,0.000,0.000
2015-03-09,0.000,0.000
2015-03-10,0.000,0.000
2015-03-11,0.000,0.000
2015-03-12,0.000,0.000
2015-03-13,0.000,0.000
2015-03-14,0.000,0.000
2015-03-15,0.000,0.000
2015-03-16,0.000,0.000
2015-03-17,0.000,0.000
2015-03-18,0.000,0.000
2015-03-19,0.000,0.000
2015-03-20,0.000,0.000
2015-03-21,0.000,0.000
2015-03-22,0.000,0.000
2015-03-23,0.000,0.000
2015-03-24,0.000,0.000
2015-03-25,0.000,0.000
2015-03-26,0.000,0.000
2015-03-27,0.000,0.000
2015-03-28,0.000,0.000
2015-03-29,0.000,0.000
2015-03-30,0.000,0.000
2015-03-31,0.000,0.000
2015-04-01,0.000,0.000
2015-04-02,0.000,0.000
2015-04-03,0.000,0.000
2015-04-04,0.000,0.000
2015-04-05,0.000,0.000
2015-04-06,0.000,0.000
2015-04-07,0.000,0.000
2015-04-08,0.000,0.000
2015-04-09,0.000,0.000
2015-04-10,0.000,0.000
2015-04-11,0.000,0.000
2015-04-12,0.000,0.000
2015-04-13,0.000,0.000
2015-04-14,0.000,0.000
2015-04-15,0.000,0.000
2015-04-16,0.000,0.000
2015-04-17,0.000,0.000
2015-04-18,0.000,0.000
2015-04-19,0.000,0.000
2015-04-20,0.000,0.000
2015-04-21,0.000,0.000
2015-04-22,0.000,0.000
2015-04-23,0.000,0.000
2015-04-24,0.000,0.000
2015-04-25,0.000,0.000
2015-04-26,0.000,0.000
2015-04-27,0.000,0.000
2015-04-28,0.000,0.000
2015-04-29,0.000,0.000
2015-04-30,0.000,0.000
2015-05-01,0.000,0.000
2015-05-02,0.000,0.000
2015-05-03,0.000,0.000
2015-05-04,0.000,0.000
2015-05-05,0.000,0.000
2015-05-06,0.000,0.000
2015-05-07,0.000,0.000
2015-05-08,0.000,0.000
2015-05-09,0.000,0.000
2015-05-10,0.000,0.000
2015-05-11,0.000,0.000
2015-05-12,0.000,0.000
2015-05-13,0.000,0.000
2015-05-14,0.000,0.000
2015-05-15,0.000,0.000
2015-05-16,0.000,0.000
2015-05-17,0.000,0.000
2015-05-18,0.000,0.000
2015-05-19,0.000,0.000
2015-05-20,0.000,0.000
2015-05-21,0.000,0.000
2015-05-22,0.000,0.000
2015-05-23,0.000,0.000
2015-05-24,0.000,0.000
2015-05-25,0.000,0.000
2015-05-26,0.000,0.000
2015-05-27,0.000,0.000
2015-05-28,0.000,0.000
2015-05-29,0.000,0.000
2015-05-30,0.000,0.000
2015-05-31,0.000,0.000
2015-06-01,0.000,0.000
2015-06-02,0.000,0.000
2015-06-03,136607.133,50671.921
2015-06-04,46771.778,36647.819
2015-06-05,65828.581,50393.345
2015-06-06,451285.537,97405.170
2015-06-07,493392.330,165499.341
2015-06-08,81895.995,56427.224
2015-06-09,41.191,0.000
2015-06-10,23182.065,0.000
2015-06-11,74688.818,0.000
2015-06-12,20664.460,12302.601
2015-06-13,2483042.227,1540265.776
2015-06-14,4546738.643,2979920.305
2015-06-15,0.000,0.000
2015-06-16,0.000,0.000
2015-06-17,0.000,0.000
2015-06-18,0.000,0.000
2015-06-19,0.000,0.000
2015-06-20,0.000,0.000
2015-06-21,0.000,0.000
2015-06-22,0.000,0.000
2015-06-23,0.000,0.000
2015-06-24,0.000,0.000
2015-06-25,0.000,0.000
2015-06-26,0.000,0.000
2015-06-27,0.000,0.000
2015-06-28,0.000,0.000
2015-06-29,0.000,0.000
2015-06-30,0.000,0.000
2015-07-01,0.000,0.000
2015-07-02,0.000,0.000
2015-07-03,0.000,0.000
2015-07-04,31641.992,24885.723
2015-07-05,4015391.946,2517903.410
2015-07-06,457358.334,452108.666
2015-07-07,6218714.276,3839347.628
2015-07-08,9546334.057,7313380.885
2015-07-09,1723257.849,1688354.295
2015-07-10,9759499.727,8114033.890
2015-07-11,2629600.478,1148958.168
2015-07-12,16648271.296,14279891.803
2015-07-13,21940234.913,17967043.625
2015-07-14,15113390.527,11989341.703
2015-07-15,1100372.055,41717.535
2015-07-16,7470252.748,7272494.921
2015-07-17,0.000,0.000
2015-07-18,0.000,0.000
2015-07-19,0.000,0.000
2015-07-20,5511666.398,4613408.716
2015-07-21,0.000,0.000
2015-07-22,0.000,0.000
2015-07-23,0.000,0.000
2015-07-24,0.000,0.000
2015-07-25,0.000,0.000
2015-07-26,0.000,0.000
2015-07-27,0.000,0.000
2015-07-28,0.000,0.000
2015-07-29,0.000,0.000
2015-07-30,0.000,0.000
2015-07-31,0.000,0.000
2015-08-01,0.000,0.000
2015-08-02,0.000,0.000
2015-08-03,0.000,0.000
2015-08-04,0.000,0.000
2015-08-05,0.000,0.000
2015-08-06,0.000,0.000
2015-08-07,0.000,0.000
2015-08-08,0.000,0.000
2015-08-09,0.000,0.000
2015-08-10,0.000,0.000
2015-08-11,0.000,0.000
2015-08-12,0.000,0.000
2015-08-13,3377079.997,2726059.415
2015-08-14,6839754.212,6050863.230
2015-08-15,4924953.238,4020175.230
2015-08-16,13099350.205,10699061.947
2015-08-17,10358741.036,9783847.661
2015-08-18,5292739.028,4736786.667
2015-08-19,9575536.493,9138699.266
2015-08-20,0.000,0.000
2015-08-21,21349920.584,20656515.610
2015-08-22,18886271.124,18416615.949
2015-08-23,10523793.457,9718753.412
2015-08-24,28635.078,21290.579
2015-08-25,59922.483,53179.910
2015-08-26,9706.790,9613.227
2015-08-27,0.000,0.000
2015-08-28,0.000,0.000
2015-08-29,0.000,0.000
2015-08-30,0.000,0.000
2015-08-31,0.000,0.000
2015-09-01,0.000,0.000
2015-09-02,0.000,0.000
2015-09-03,0.000,0.000
2015-09-04,0.000,0.000
2015-09-05,0.000,0.000
2015-09-06,1127562.483,460822.201
2015-09-07,10425066.693,8548163.066
2015-09-08,29033960.845,24426306.946
2015-09-09,35162213.034,31593735.744
2015-09-10,2826787.517,2607675.402
2015-09-11,41073914.034,36471284.807
2015-09-12,27905806.351,26466594.011
2015-09-13,30499526.740,28353806.527
2015-09-14,80455456.533,70167297.338
2015-09-15,16626575.810,16097459.129
2015-09-16,1181864.800,1107592.308
2015-09-17,99905691.850,92853367.305
2015-09-18,67720620.486,63001583.302
2015-09-19,70537716.867,65310305.768
2015-09-20,19792590.397,18643356.940
2015-09-21,91323200.078,78911885.864
2015-09-22,49474256.539,46894351.627
2015-09-23,0.000,0.000
2015-09-24,104968171.754,96639349.772
2015-09-25,108839072.235,104467558.251
2015-09-26,15370385.677,14232291.634
2015-09-27,88879145.749,85760943.706
2015-09-28,107085943.050,96751839.505
2015-09-29,140535109.382,123969581.905
2015-09-30,55862715.786,53234464.018
2015-10-01,57556937.208,55850997.960
2015-10-02,111494267.140,106286548.445
2015-10-03,93980817.776,88963537.785
2015-10-04,127146697.926,121565254.393
2015-10-05,59297497.216,56116671.332
2015-10-06,93080495.506,79233844.626
2015-10-07,164490766.944,156594212.914
2015-10-08,0.000,0.000
2015-10-09,46723866.016,44263811.746
2015-10-10,195931302.096,185494380.638
2015-10-11,125220514.785,115164465.407
2015-10-12,41692056.094,39737393.741
2015-10-13,0.000,0.000
2015-10-14,0.000,0.000
2015-10-15,113610.314,104210.367
2015-10-16,144033.219,129652.837
2015-10-17,382958.571,355204.969
2015-10-18,130354.923,120008.360
2015-10-19,0.000,0.000
2015-10-20,42152755.658,40380463.599
2015-10-21,118902936.798,105359265.522
2015-10-22,237720.398,125591.607
2015-10-23,150377353.891,132778938.178
2015-10-24,66609525.163,59431958.981
2015-10-25,0.000,0.000
2015-10-26,113517443.079,97250811.083
2015-10-27,203011751.217,190984151.833
2015-10-28,137720719.749,109470749.114
2015-10-29,42492163.121,28747166.915
2015-10-30,94564193.966,89645431.975
2015-10-31,195175026.839,131591695.770
2015-11-01,269280571.501,219809456.094
2015-11-02,147134156.695,138390016.682
2015-11-03,98496154.471,95597308.044
2015-11-04,0.000,0.000
2015-11-05,0.000,0.000
2015-11-06,0.000,0.000
2015-11-07,0.000,0.000
2015-11-08,0.000,0.000
2015-11-09,0.000,0.000
2015-11-10,0.000,0.000
2015-11-11,0.000,0.000
2015-11-12,0.000,0.000
2015-11-13,0.000,0.000
2015-11-14,0.000,0.000
2015-11-15,0.000,0.000
2015-11-16,0.000,0.000
2015-11-17,0.000,0.000
2015-11-18,0.000,0.000
2015-11-19,0.000,0.000
2015-11-20,0.000,0.000
2015-11-21,0.000,0.000
2015-11-22,0.000,0.000
2015-11-23,0.000,0.000
2015-11-24,0.000,0.000
2015-11-25,0.000,0.000
2015-11-26,0.000,0.000
2015-11-27,0.000,0.000
2015-11-28,0.000,0.000
2015-11-29,0.000,0.000
2015-11-30,0.000,0.000
2015-12-01,0.000,0.000
2015-12-02,0.000,0.000
2015-12-03,0.000,0.000
2015-12-04,0.000,0.000
2015-12-05,0.000,0.000
2015-12-06,0.000,0.000
2015-12-07,0.000,0.000
2015-12-08,0.000,0.000
2015-12-09,0.000,0.000
2015-12-10,0.000,0.000
2015-12-11,0.000,0.000
2015-12-12,0.000,0.000
2015-12-13,0.000,0.000
2015-12-14,0.000,0.000
2015-12-15,0.000,0.000
2015-12-16,0.000,0.000
2015-12-17,0.000,0.000
2015-12-18,0.000,0.000
2015-12-19,0.000,0.000
2015-12-20,0.000,0.000
2015-12-21,0.000,0.000
2015-12-22,0.000,0.000
2015-12-23,0.000,0.000
2015-12-24,0.000,0.000
2015-12-25,0.000,0.000
2015-12-26,0.000,0.000
2015-12-27,0.000,0.000
2015-12-28,0.000,0.000
2015-12-29,0.000,0.000
2015-12-30,0.000,0.000
2015-12-31,0.000,0.000
2016-01-01,0.000,0.000
2016-01-02,0.000,0.000
2016-01-03,0.000,0.000
2016-01-04,0.000,0.000
2016-01-05,0.000,0.000
2016-01-06,0.000,0.000
2016-01-07,0.000,0.000
2016-01-08,0.000,0.000
2016-01-09,0.000,0.000
2016-01-10,0.000,0.000
2016-01-11,0.000,0.000
2016-01-12,0.000,0.000
2016-01-13,0.000,0.000
2016-01-14,0.000,0.000
2016-01-15,0.000,0.000
2016-01-16,0.000,0.000
2016-01-17,0.000,0.000
2016-01-18,0.000,0.000
2016-01-19,0.000,0.000
2016-01-20,0.000,0.000
2016-01-21,0.000,0.000
2016-01-22,0.000,0.000
2016-01-23,0.000,0.000
2016-01-24,0.000,0.000
2016-01-25,0.000,0.000
2016-01-26,0.000,0.000
2016-01-27,0.000,0.000
2016-01-28,0.000,0.000
2016-01-29,0.000,0.000
2016-01-30,0.000,0.000
2016-01-31,0.000,0.000
2016-02-01,0.000,0.000
2016-02-02,0.000,0.000
2016-02-03,0.000,0.000
2016-02-04,0.000,0.000
2016-02-05,0.000,0.000
2016-02-06,0.000,0.000
2016-02-07,0.000,0.000
2016-02-08,0.000,0.000
2016-02-09,0.000,0.000
2016-02-10,0.000,0.000
2016-02-11,0.000,0.000
2016-02-12,0.000,0.000
2016-02-13,0.000,0.000
2016-02-14,0.000,0.000
2016-02-15,0.000,0.000
2016-02-16,0.000,0.000
2016-02-17,0.000,0.000
2016-02-18,0.000,0.000
2016-02-19,0.000,0.000
2016-02-20,0.000,0.000
2016-02-21,0.000,0.000
2016-02-22,0.000,0.000
2016-02-23,0.000,0.000
2016-02-24,0.000,0.000
2016-02-25,0.000,0.000
2016-02-26,0.000,0.000
2016-02-27,0.000,0.000
2016-02-28,0.000,0.000
2016-02-29,0.000,0.000
2016-03-01,0.000,0.000
2016-03-02,0.000,0.000
2016-03-03,0.000,0.000
2016-03-04,0.000,0.000
2016-03-05,0.000,0.000
2016-03-06,0.000,0.000
2016-03-07,0.000,0.000
2016-03-08,0.000,0.000
2016-03-09,0.000,0.000
2016-03-10,0.000,0.000
2016-03-11,0.000,0.000
2016-03-12,0.000,0.000
2016-03-13,0.000,0.000
2016-03-14,0.000,0.000
2016-03-15,0.000,0.000
2016-03-16,0.000,0.000
2016-03-17,0.000,0.000
2016-03-18,0.000,0.000
2016-03-19,0.000,0.000
2016-03-20,0.000,0.000
2016-03-21,0.000,0.000
2016-03-22,0.000,0.000
2016-03-23,0.000,0.000
2016-03-24,0.000,0.000
2016-03-25,0.000,0.000
2016-03-26,0.000,0.000
2016-03-27,0.000,0.000
2016-03-28,0.000,0.000
2016-03-29,0.000,0.000
2016-03-30,0.000,0.000
2016-03-31,0.000,0.000
2016-04-01,0.000,0.000
2016-04-02,0.000,0.000
2016-04-03,0.000,0.000
2016-04-04,0.000,0.000
2016-04-05,0.000,0.000
2016-04-06,0.000,0.000
2016-04-07,0.000,0.000
2016-04-08,0.000,0.000
2016-04-09,0.000,0.000
2016-04-10,0.000,0.000
2016-04-11,0.000,0.000
2016-04-12,0.000,0.000
2016-04-13,0.000,0.000
2016-04-14,0.000,0.000
2016-04-15,0.000,0.000
2016-04-16,0.000,0.000
2016-04-17,0.000,0.000
2016-04-18,0.000,0.000
2016-04-19,0.000,0.000
2016-04-20,0.000,0.000
2016-04-21,0.000,0.000
2016-04-22,21811.802,3322.582
2016-04-23,200979.484,107985.237
2016-04-24,579849.758,379863.715
2016-04-25,878761.974,374029.954
2016-04-26,0.000,0.000
2016-04-27,497318.132,216523.629
2016-04-28,2494607.441,1914880.836
2016-04-29,2490938.641,1393283.549
2016-04-30,0.000,0.000
2016-05-01,0.000,0.000
2016-05-02,0.000,0.000
2016-05-03,0.000,0.000
2016-05-04,0.000,0.000
2016-05-05,0.000,0.000
2016-05-06,37584.807,28606.312
2016-05-07,9552477.927,8386531.350
2016-05-08,29812793.800,24680540.849
2016-05-09,3960505.919,477240.209
2016-05-10,31726118.386,26450906.567
2016-05-11,37513143.227,32861691.422
2016-05-12,59061093.137,48335276.699
2016-05-13,31013552.008,29111342.609
2016-05-14,106181986.796,93210703.498
2016-05-15,65299708.408,60506494.662
2016-05-16,65172644.561,61792939.154
2016-05-17,45602284.061,43331757.967
2016-05-18,42407309.624,39735288.243
2016-05-19,0.000,0.000
2016-05-20,202505897.160,191574727.797
2016-05-21,81009560.931,78499331.970
2016-05-22,0.000,0.000
2016-05-23,0.000,0.000
2016-05-24,0.000,0.000
2016-05-25,0.000,0.000
2016-05-26,0.000,0.000
2016-05-27,18222474.167,15510838.505
2016-05-28,113331100.179,105254131.359
2016-05-29,78272086.178,73380873.304
2016-05-30,259033966.874,241254076.401
2016-05-31,207559209.711,197206435.229
2016-06-01,282786880.139,258604095.038
2016-06-02,379794664.224,338225905.295
2016-06-03,184019567.641,171669640.984
2016-06-04,299024281.019,284124828.464
2016-06-05,395798396.577,381188572.737
2016-06-06,140768193.575,128953116.933
2016-06-07,0.000,0.000
2016-06-08,0.000,0.000
2016-06-09,0.000,0.000
2016-06-10,0.000,0.000
2016-06-11,100634268.483,80838564.203
2016-06-12,419150885.533,394169077.076
2016-06-13,413070322.234,390562147.890
2016-06-14,312580630.634,284793037.507
2016-06-15,398671372.139,369570489.884
2016-06-16,55679019.348,53044581.944
2016-06-17,434574120.256,380914223.616
2016-06-18,350100613.043,323974038.706
2016-06-19,361886780.841,339204562.579
2016-06-20,465559451.446,448788365.539
2016-06-21,95180725.066,93067093.304
2016-06-22,0.000,0.000
2016-06-23,0.000,0.000
2016-06-24,117447588.405,101336697.331
2016-06-25,490530134.991,410552547.506
2016-06-26,360877517.723,319635173.932
2016-06-27,446314574.539,418574305.728
2016-06-28,331785864.575,311813226.290
2016-06-29,390788562.841,351148004.864
2016-06-30,133206464.452,20751166.323
2016-07-01,135244835.899,116201248.099
2016-07-02,499486636.772,436096126.981
2016-07-03,432242147.898,408793590.747
2016-07-04,487485752.432,443254453.177
2016-07-05,464880889.016,442046891.550
2016-07-06,514476645.421,478475014.032
2016-07-07,427196744.840,398123042.313
2016-07-08,462855199.740,445144214.858
2016-07-09,455629183.143,432842368.156
2016-07-10,467517379.509,426350054.567
2016-07-11,200550229.882,190490895.685
2016-07-12,385415463.694,359834150.761
2016-07-13,482537635.256,458467640.425
2016-07-14,493805043.492,466383818.096
2016-07-15,482077249.685,463302069.976
2016-07-16,495651086.940,460368158.139
2016-07-17,186940291.182,180468424.292
2016-07-18,612669979.062,536789490.790
2016-07-19,325830985.321,310242089.626
2016-07-20,429491069.133,398894185.917
2016-07-21,504514547.496,477798511.236
2016-07-22,529848866.602,485079892.753
2016-07-23,475543602.328,453542865.180
2016-07-24,401248058.635,345439973.239
2016-07-25,233410683.420,219615612.028
2016-07-26,0.000,0.000
2016-07-27,0.000,0.000
2016-07-28,0.000,0.000
2016-07-29,0.000,0.000
2016-07-30,0.000,0.000
2016-07-31,0.000,0.000
2016-08-01,79109348.931,63346248.029
2016-08-02,346772145.390,325984733.899
2016-08-03,151250054.173,143431459.270
2016-08-04,251891239.458,240420600.408
2016-08-05,386516927.623,355264654.937
2016-08-06,327447584.571,310754567.078
2016-08-07,265157518.585,245893627.708
2016-08-08,599745820.254,546241233.768
2016-08-09,283105389.691,262524340.792
2016-08-10,106829173.472,102546493.091
2016-08-11,0.000,0.000
2016-08-12,2809.239,2364.621
2016-08-13,483671828.321,438196163.109
2016-08-14,525251012.344,487894924.768
2016-08-15,170005130.758,153895041.664
2016-08-16,352266086.762,332968500.940
2016-08-17,559514595.493,525411546.199
2016-08-18,75059395.595,70671733.037
2016-08-19,112050087.738,97939349.348
2016-08-20,59609272.543,57446139.590
2016-08-21,128316741.322,122261625.312
2016-08-22,0.000,0.000
2016-08-23,0.000,0.000
2016-08-24,0.000,0.000
2016-08-25,112681104.314,108643169.489
2016-08-26,452502807.366,429019124.200
2016-08-27,434462126.617,368194622.330
2016-08-28,530358930.331,509658371.451
2016-08-29,486673642.521,464529059.810
2016-08-30,425051124.980,395526126.693
2016-08-31,591440013.180,572908149.617
2016-09-01,482763783.749,330819382.067
2016-09-02,420979091.927,406000957.713
2016-09-03,485449037.983,468760198.268
2016-09-04,614054757.495,533512858.339
2016-09-05,150079245.673,131294892.402
2016-09-06,513259722.413,445613922.894
2016-09-07,176657516.400,168903340.607
2016-09-08,442938076.103,409004847.877
2016-09-09,510485661.651,480015229.095
2016-09-10,0.000,0.000
2016-09-11,0.000,0.000
2016-09-12,0.000,0.000
2016-09-13,0.000,0.000
2016-09-14,0.000,0.000
2016-09-15,0.000,0.000
2016-09-16,0.000,0.000
2016-09-17,0.000,0.000
2016-09-18,0.000,0.000
2016-09-19,0.000,0.000
2016-09-20,0.000,0.000
2016-09-21,0.000,0.000
2016-09-22,0.000,0.000
2016-09-23,0.000,0.000
2016-09-24,0.000,0.000
2016-09-25,20553135.653,17932811.633
2016-09-26,425126423.614,364458609.518
2016-09-27,580829121.243,553887556.048
2016-09-28,466329658.031,449433941.590
2016-09-29,30498199.922,29854632.925
2016-09-30,523613972.160,485613691.048
2016-10-01,285519243.156,274968811.899
2016-10-02,325629983.801,314547749.771
2016-10-03,84606189.113,82256590.457
2016-10-04,0.000,0.000
2016-10-05,0.000,0.000
2016-10-06,25166312.968,25055529.545
2016-10-07,0.000,0.000
2016-10-08,11410419.829,10461841.954
2016-10-09,419095662.891,378539258.273
2016-10-10,448672482.149,422660037.055
2016-10-11,190774810.733,164812676.118
2016-10-12,320383168.122,282064716.575
2016-10-13,341564687.393,291303795.145
2016-10-14,224970209.976,216700635.449
2016-10-15,490089337.149,467957458.212
2016-10-16,446180845.534,425662498.440
2016-10-17,379631144.304,352727307.434
2016-10-18,566867494.661,534628024.201
2016-10-19,264282490.383,249824183.137
2016-10-20,172144479.245,146112959.315
2016-10-21,326516289.411,222430695.863
2016-10-22,573995845.766,533337096.272
2016-10-23,482234030.521,456332718.372
2016-10-24,622927133.265,595373674.312
2016-10-25,494938550.172,475182651.459
2016-10-26,498698982.024,457488917.966
2016-10-27,18262.894,4661.324
2016-10-28,0.000,0.000
2016-10-29,0.000,0.000
2016-10-30,0.000,0.000
2016-10-31,0.000,0.000
2016-11-01,0.000,0.000
2016-11-02,0.000,0.000
2016-11-03,0.000,0.000
2016-11-04,0.000,0.000
2016-11-05,0.000,0.000
2016-11-06,0.000,0.000
2016-11-07,0.000,0.000
2016-11-08,0.000,0.000
2016-11-09,0.000,0.000
2016-11-10,0.000,0.000
2016-11-11,0.000,0.000
2016-11-12,0.000,0.000
2016-11-13,0.000,0.000
2016-11-14,0.000,0.000
2016-11-15,0.000,0.000
2016-11-16,0.000,0.000
2016-11-17,0.000,0.000
2016-11-18,0.000,0.000
2016-11-19,0.000,0.000
2016-11-20,0.000,0.000
2016-11-21,0.000,0.000
2016-11-22,0.000,0.000
2016-11-23,0.000,0.000
2016-11-24,0.000,0.000
2016-11-25,0.000,0.000
2016-11-26,0.000,0.000
2016-11-27,0.000,0.000
2016-11-28,0.000,0.000
2016-11-29,0.000,0.000
2016-11-30,0.000,0.000
2016-12-01,0.000,0.000
2016-12-02,0.000,0.000
2016-12-03,0.000,0.000
2016-12-04,0.000,0.000
2016-12-05,0.000,0.000
2016-12-06,0.000,0.000
2016-12-07,0.000,0.000
2016-12-08,0.000,0.000
2016-12-09,0.000,0.000
2016-12-10,0.000,0.000
2016-12-11,0.000,0.000
2016-12-12,0.000,0.000
2016-12-13,0.000,0.000
2016-12-14,0.000,0.000
2016-12-15,0.000,0.000
2016-12-16,0.000,0.000
2016-12-17,0.000,0.000
2016-12-18,0.000,0.000
2016-12-19,0.000,0.000
2016-12-20,0.000,0.000
2016-12-21,0.000,0.000
2016-12-22,0.000,0.000
2016-12-23,0.000,0.000
2016-12-24,0.000,0.000
2016-12-25,0.000,0.000
2016-12-26,0.000,0.000
2016-12-27,0.000,0.000
2016-12-28,0.000,0.000
2016-12-29,0.000,0.000
2016-12-30,0.000,0.000
2016-12-31,0.000,0.000
2017-01-01,0.000,0.000
2017-01-02,0.000,0.000
2017-01-03,0.000,0.000
2017-01-04,0.000,0.000
2017-01-05,0.000,0.000
2017-01-06,0.000,0.000
2017-01-07,0.000,0.000
2017-01-08,0.000,0.000
2017-01-09,0.000,0.000
2017-01-10,0.000,0.000
2017-01-11,0.000,0.000
2017-01-12,0.000,0.000
2017-01-13,0.000,0.000
2017-01-14,0.000,0.000
2017-01-15,0.000,0.000
2017-01-16,0.000,0.000
2017-01-17,0.000,0.000
2017-01-18,0.000,0.000
2017-01-19,0.000,0.000
2017-01-20,0.000,0.000
2017-01-21,0.000,0.000
2017-01-22,0.000,0.000
2017-01-23,0.000,0.000
2017-01-24,0.000,0.000
2017-01-25,0.000,0.000
2017-01-26,0.000,0.000
2017-01-27,0.000,0.000
2017-01-28,0.000,0.000
2017-01-29,0.000,0.000
2017-01-30,0.000,0.000
2017-01-31,0.000,0.000
2017-02-01,0.000,0.000
2017-02-02,0.000,0.000
2017-02-03,0.000,0.000
2017-02-04,0.000,0.000
2017-02-05,0.000,0.000
2017-02-06,0.000,0.000
2017-02-07,0.000,0.000
2017-02-08,0.000,0.000
2017-02-09,0.000,0.000
2017-02-10,0.000,0.000
2017-02-11,0.000,0.000
2017-02-12,0.000,0.000
2017-02-13,0.000,0.000
2017-02-14,0.000,0.000
2017-02-15,0.000,0.000
2017-02-16,0.000,0.000
2017-02-17,0.000,0.000
2017-02-18,0.000,0.000
2017-02-19,0.000,0.000
2017-02-20,0.000,0.000
2017-02-21,0.000,0.000
2017-02-22,0.000,0.000
2017-02-23,0.000,0.000
2017-02-24,0.000,0.000
2017-02-25,0.000,0.000
2017-02-26,0.000,0.000
2017-02-27,0.000,0.000
2017-02-28,0.000,0.000
2017-03-01,0.000,0.000
2017-03-02,0.000,0.000
2017-03-03,0.000,0.000
2017-03-04,0.000,0.000
2017-03-05,0.000,0.000
2017-03-06,0.000,0.000
2017-03-07,0.000,0.000
2017-03-08,0.000,0.000
2017-03-09,0.000,0.000
2017-03-10,0.000,0.000
2017-03-11,0.000,0.000
2017-03-12,0.000,0.000
2017-03-13,0.000,0.000
2017-03-14,0.000,0.000
2017-03-15,0.000,0.000
2017-03-16,0.000,0.000
2017-03-17,0.000,0.000
2017-03-18,0.000,0.000
2017-03-19,0.000,0.000
2017-03-20,0.000,0.000
2017-03-21,0.000,0.000
2017-03-22,0.000,0.000
2017-03-23,0.000,0.000
2017-03-24,0.000,0.000
2017-03-25,0.000,0.000
2017-03-26,0.000,0.000
2017-03-27,0.000,0.000
2017-03-28,0.000,0.000
2017-03-29,0.000,0.000
2017-03-30,0.000,0.000
2017-03-31,0.000,0.000
2017-04-01,0.000,0.000
2017-04-02,0.000,0.000
2017-04-03,0.000,0.000
2017-04-04,0.000,0.000
2017-04-05,0.000,0.000
2017-04-06,0.000,0.000
2017-04-07,0.000,0.000
2017-04-08,0.000,0.000
2017-04-09,0.000,0.000
2017-04-10,0.000,0.000
2017-04-11,0.000,0.000
2017-04-12,0.000,0.000
2017-04-13,0.000,0.000
2017-04-14,0.000,0.000
2017-04-15,0.000,0.000
2017-04-16,0.000,0.000
2017-04-17,0.000,0.000
2017-04-18,0.000,0.000
2017-04-19,0.000,0.000
2017-04-20,0.000,0.000
2017-04-21,0.000,0.000
2017-04-22,0.000,0.000
2017-04-23,0.000,0.000
2017-04-24,0.000,0.000
2017-04-25,0.000,0.000
2017-04-26,0.000,0.000
2017-04-27,0.000,0.000
2017-04-28,0.000,0.000
2017-04-29,0.000,0.000
2017-04-30,0.000,0.000
2017-05-01,0.000,0.000
2017-05-02,0.000,0.000
2017-05-03,0.000,0.000
2017-05-04,0.000,0.000
2017-05-05,0.000,0.000
2017-05-06,0.000,0.000
2017-05-07,0.000,0.000
2017-05-08,0.000,0.000
2017-05-09,0.000,0.000
2017-05-10,0.000,0.000
2017-05-11,0.000,0.000
2017-05-12,0.000,0.000
2017-05-13,0.000,0.000
2017-05-14,0.000,0.000
2017-05-15,0.000,0.000
2017-05-16,0.000,0.000
2017-05-17,0.000,0.000
2017-05-18,0.000,0.000
2017-05-19,0.000,0.000
2017-05-20,0.000,0.000
2017-05-21,0.000,0.000
2017-05-22,0.000,0.000
2017-05-23,0.000,0.000
2017-05-24,0.000,0.000
2017-05-25,0.000,0.000
2017-05-26,0.000,0.000
2017-05-27,0.000,0.000
2017-05-28,0.000,0.000
2017-05-29,0.000,0.000
2017-05-30,66187599.180,45240356.184
2017-05-31,1274706.383,1105839.470
2017-06-01,0.000,0.000
2017-06-02,0.000,0.000
2017-06-03,6259070.185,5044993.435
2017-06-04,1798566.960,1155695.123
2017-06-05,94955268.433,39901594.620
2017-06-06,55901598.398,52150099.946
2017-06-07,0.000,0.000
2017-06-08,0.000,0.000
2017-06-09,0.000,0.000
2017-06-10,0.000,0.000
2017-06-11,0.000,0.000
2017-06-12,54903662.590,24677403.056
2017-06-13,7938000.040,7639232.256
2017-06-14,207854749.608,148819366.208
2017-06-15,144977699.076,107286699.795
2017-06-16,361587928.148,286105558.072
2017-06-17,333282789.900,313535083.645
2017-06-18,215937387.423,202970626.714
2017-06-19,195024812.716,161018744.912
2017-06-20,526137917.394,491840605.517
2017-06-21,186535526.485,175857873.813
2017-06-22,435665531.410,352823661.979
2017-06-23,261439994.184,245818628.961
2017-06-24,442627860.932,379999545.066
2017-06-25,529184165.880,488943433.539
2017-06-26,426199523.079,344753341.099
2017-06-27,704935723.950,622351772.196
2017-06-28,459751640.162,366734141.420
2017-06-29,560378966.309,437687257.210
2017-06-30,20958004.061,20275523.619
2017-07-01,0.000,0.000
2017-07-02,0.000,0.000
2017-07-03,0.000,0.000
2017-07-04,0.000,0.000
2017-07-05,0.000,0.000
2017-07-06,0.000,0.000
2017-07-07,0.000,0.000
2017-07-08,0.000,0.000
2017-07-09,2633.708,1934.301
2017-07-10,9082.003,5434.517
2017-07-11,2579740.258,2435454.435
2017-07-12,25633934.811,24177853.898
2017-07-13,0.000,0.000
2017-07-14,58092491.885,39143844.733
2017-07-15,380593831.127,292940481.852
2017-07-16,342234861.323,288719531.215
2017-07-17,0.000,0.000
2017-07-18,498289188.510,397094071.261
2017-07-19,211432600.654,151653872.971
2017-07-20,467717645.004,408300799.464
2017-07-21,364517435.442,327450829.201
2017-07-22,322987839.711,296981835.793
2017-07-23,0.000,0.000
2017-07-24,108819853.026,89569119.863
2017-07-25,0.000,0.000
2017-07-26,0.000,0.000
2017-07-27,54754.520,53973.579
2017-07-28,1209611.269,913508.390
2017-07-29,188068827.634,151615986.964
2017-07-30,641089069.007,579988589.375
2017-07-31,515672522.026,453482628.460
2017-08-01,420711668.521,369379341.470
2017-08-02,425592585.593,355274882.249
2017-08-03,351403714.774,226974076.780
2017-08-04,632538702.818,554666342.619
2017-08-05,587524900.113,507503692.256
2017-08-06,555355074.534,452181187.701
2017-08-07,718799667.189,617025493.275
2017-08-08,348781848.478,300642493.580
2017-08-09,614349811.399,534106211.526
2017-08-10,297372673.538,257937903.255
2017-08-11,0.000,0.000
2017-08-12,5707041.233,4357256.736
2017-08-13,0.000,0.000
2017-08-14,179694242.355,167240851.871
2017-08-15,162020741.938,146483943.530
2017-08-16,450616196.506,431356166.818
2017-08-17,317542947.874,294858427.773
2017-08-18,294372793.491,262996726.796
2017-08-19,243405231.419,224937438.184
2017-08-20,312659158.332,295194800.933
2017-08-21,283631521.438,243439515.240
2017-08-22,102516015.913,97544040.657
2017-08-23,265896290.326,257286338.190
2017-08-24,20161937.769,18352334.623
2017-08-25,0.000,0.000
2017-08-26,90895915.025,86194188.793
2017-08-27,233554024.994,225867415.706
2017-08-28,414885105.746,396523637.165
2017-08-29,363068228.292,351801659.888
2017-08-30,321998082.681,275944121.519
2017-08-31,120885497.094,116557410.554
2017-09-01,296323577.333,283055915.139
2017-09-02,262793199.106,251388152.992
2017-09-03,280714475.594,270876089.484
2017-09-04,259929050.396,245152478.818
2017-09-05,389417920.179,356218316.488
2017-09-06,346629890.339,332633624.813
2017-09-07,532016980.919,503149646.019
2017-09-08,424100912.723,388966603.558
2017-09-09,279598333.359,257484976.812
2017-09-10,394578486.205,341448458.238
2017-09-11,334218358.844,323127210.913
2017-09-12,490554674.560,448826736.252
2017-09-13,108117326.819,104431622.509
2017-09-14,0.000,0.000
2017-09-15,0.000,0.000
2017-09-16,0.000,0.000
2017-09-17,0.000,0.000
2017-09-18,0.000,0.000
2017-09-19,0.000,0.000
2017-09-20,0.000,0.000
2017-09-21,0.000,0.000
2017-09-22,22508.971,22118.186
2017-09-23,18493672.928,17321237.651
2017-09-24,477337791.234,444902871.056
2017-09-25,598722972.220,575195848.988
2017-09-26,602730765.620,580134401.766
2017-09-27,434066025.031,403419790.225
2017-09-28,667373997.951,641067758.312
2017-09-29,605266013.991,580732279.936
2017-09-30,465575299.027,448769720.952
2017-10-01,518985870.542,455115999.010
2017-10-02,531904765.756,489631795.860
2017-10-03,523177602.033,502982222.408
2017-10-04,512521606.590,490936889.696
2017-10-05,682446373.631,612619701.309
2017-10-06,548514617.475,521871977.507
2017-10-07,341923956.228,311381166.737
2017-10-08,749233799.653,681540853.901
2017-10-09,552427482.738,520189116.683
2017-10-10,748288818.598,710283245.509
2017-10-11,558984070.475,536603361.181
2017-10-12,30373034.424,29737773.698
2017-10-13,209283419.780,184749099.125
2017-10-14,786407053.425,732897159.570
2017-10-15,481193112.089,456981462.799
2017-10-16,803952232.294,712144346.152
2017-10-17,718721923.260,680201117.314
2017-10-18,792427888.734,738993928.670
2017-10-19,757526632.015,709205569.016
2017-10-20,809766620.489,754759051.329
2017-10-21,616265478.372,567030612.837
2017-10-22,763335985.289,695638943.168
2017-10-23,376442755.968,354663827.968
2017-10-24,798895426.720,704522777.993
2017-10-25,724651384.632,693601650.635
2017-10-26,119385977.800,111896356.379
2017-10-27,317293410.329,301078446.802
2017-10-28,669870492.378,636336661.308
2017-10-29,583469663.007,493151149.728
2017-10-30,503791726.167,481863421.507
2017-10-31,265297816.134,212039675.499
2017-11-01,120729204.902,101262222.393
2017-11-02,800469843.736,738930787.169
2017-11-03,639741522.286,588768713.646
2017-11-04,558102095.121,528996279.415
2017-11-05,389209680.596,367778906.224
2017-11-06,669491042.695,620131061.850
2017-11-07,72612557.492,69040176.333
2017-11-08,0.000,0.000
2017-11-09,797808007.399,695133633.467
2017-11-10,256104824.675,249422081.476
2017-11-11,0.000,0.000
2017-11-12,0.000,0.000
2017-11-13,0.000,0.000
2017-11-14,0.000,0.000
2017-11-15,0.000,0.000
2017-11-16,0.000,0.000
2017-11-17,0.000,0.000
2017-11-18,0.000,0.000
2017-11-19,0.000,0.000
2017-11-20,0.000,0.000
2017-11-21,34848989.035,26952879.446
2017-11-22,31281964.932,29917872.436
2017-11-23,54212569.906,51523764.065
2017-11-24,65282661.490,61369862.764
2017-11-25,48563843.396,46293217.189
2017-11-26,23764228.273,22542287.020
2017-11-27,0.000,0.000
2017-11-28,0.000,0.000
2017-11-29,0.000,0.000
2017-11-30,0.000,0.000
2017-12-01,0.000,0.000
2017-12-02,0.000,0.000
2017-12-03,0.000,0.000
2017-12-04,0.000,0.000
2017-12-05,0.000,0.000
2017-12-06,0.000,0.000
2017-12-07,0.000,0.000
2017-12-08,0.000,0.000
2017-12-09,0.000,0.000
2017-12-10,0.000,0.000
2017-12-11,0.000,0.000
2017-12-12,0.000,0.000
2017-12-13,0.000,0.000
2017-12-14,0.000,0.000
2017-12-15,0.000,0.000
2017-12-16,0.000,0.000
2017-12-17,0.000,0.000
2017-12-18,0.000,0.000
2017-12-19,0.000,0.000
2017-12-20,0.000,0.000
2017-12-21,0.000,0.000
2017-12-22,0.000,0.000
2017-12-23,0.000,0.000
2017-12-24,0.000,0.000
2017-12-25,0.000,0.000
2017-12-26,0.000,0.000
2017-12-27,0.000,0.000
2017-12-28,0.000,0.000
2017-12-29,0.000,0.000
2017-12-30,0.000,0.000
2017-12-31,0.000,0.000
2018-01-01,0.000,0.000
2018-01-02,0.000,0.000
2018-01-03,0.000,0.000
2018-01-04,0.000,0.000
2018-01-05,0.000,0.000
2018-01-06,0.000,0.000
2018-01-07,0.000,0.000
2018-01-08,0.000,0.000
2018-01-09,0.000,0.000
2018-01-10,0.000,0.000
2018-01-11,0.000,0.000
2018-01-12,0.000,0.000
2018-01-13,0.000,0.000
2018-01-14,0.000,0.000
2018-01-15,0.000,0.000
2018-01-16,0.000,0.000
2018-01-17,0.000,0.000
2018-01-18,0.000,0.000
2018-01-19,0.000,0.000
2018-01-20,0.000,0.000
2018-01-21,0.000,0.000
2018-01-22,0.000,0.000
2018-01-23,0.000,0.000
2018-01-24,0.000,0.000
2018-01-25,0.000,0.000
2018-01-26,0.000,0.000
2018-01-27,0.000,0.000
2018-01-28,0.000,0.000
2018-01-29,0.000,0.000
2018-01-30,0.000,0.000
2018-01-31,0.000,0.000
2018-02-01,0.000,0.000
2018-02-02,0.000,0.000
2018-02-03,0.000,0.000
2018-02-04,0.000,0.000
2018-02-05,0.000,0.000
2018-02-06,0.000,0.000
2018-02-07,0.000,0.000
2018-02-08,0.000,0.000
2018-02-09,0.000,0.000
2018-02-10,0.000,0.000
2018-02-11,0.000,0.000
2018-02-12,0.000,0.000
2018-02-13,0.000,0.000
2018-02-14,0.000,0.000
2018-02-15,0.000,0.000
2018-02-16,0.000,0.000
2018-02-17,0.000,0.000
2018-02-18,0.000,0.000
2018-02-19,0.000,0.000
2018-02-20,0.000,0.000
2018-02-21,0.000,0.000
2018-02-22,0.000,0.000
2018-02-23,0.000,0.000
2018-02-24,0.000,0.000
2018-02-25,0.000,0.000
2018-02-26,0.000,0.000
2018-02-27,0.000,0.000
2018-02-28,0.000,0.000
2018-03-01,0.000,0.000
2018-03-02,0.000,0.000
2018-03-03,0.000,0.000
2018-03-04,0.000,0.000
2018-03-05,0.000,0.000
2018-03-06,0.000,0.000
2018-03-07,0.000,0.000
2018-03-08,0.000,0.000
2018-03-09,0.000,0.000
2018-03-10,0.000,0.000
2018-03-11,0.000,0.000
2018-03-12,0.000,0.000
2018-03-13,0.000,0.000
2018-03-14,0.000,0.000
2018-03-15,0.000,0.000
2018-03-16,0.000,0.000
2018-03-17,0.000,0.000
2018-03-18,0.000,0.000
2018-03-19,0.000,0.000
2018-03-20,0.000,0.000
2018-03-21,0.000,0.000
2018-03-22,0.000,0.000
2018-03-23,0.000,0.000
2018-03-24,0.000,0.000
2018-03-25,0.000,0.000
2018-03-26,0.000,0.000
2018-03-27,0.000,0.000
2018-03-28,0.000,0.000
2018-03-29,0.000,0.000
2018-03-30,0.000,0.000
2018-03-31,0.000,0.000
2018-04-01,0.000,0.000
2018-04-02,0.000,0.000
2018-04-03,0.000,0.000
2018-04-04,0.000,0.000
2018-04-05,0.000,0.000
2018-04-06,0.000,0.000
2018-04-07,0.000,0.000
2018-04-08,0.000,0.000
2018-04-09,0.000,0.000
2018-04-10,0.000,0.000
2018-04-11,0.000,0.000
2018-04-12,0.000,0.000
2018-04-13,0.000,0.000
2018-04-14,0.000,0.000
2018-04-15,0.000,0.000
2018-04-16,0.000,0.000
2018-04-17,329108.535,197161.806
2018-04-18,750818.916,682104.753
2018-04-19,3767972.350,1934307.856
2018-04-20,17293893.313,15383196.367
2018-04-21,9966465.819,9125271.730
2018-04-22,86343373.602,70633691.101
2018-04-23,21040800.174,20475036.327
2018-04-24,27546140.001,25444370.368
2018-04-25,160571497.649,133804938.759
2018-04-26,160559227.773,133349627.613
2018-04-27,371368811.244,345279522.908
2018-04-28,238213817.276,231915252.896
2018-04-29,292165106.902,265525102.466
2018-04-30,449906721.396,438914948.790
2018-05-01,583756363.255,554280566.202
2018-05-02,303879610.530,260451418.024
2018-05-03,793326027.888,766127891.343
2018-05-04,683013430.965,655116631.849
2018-05-05,487238068.365,468287879.912
2018-05-06,663604632.554,616878384.441
2018-05-07,495777029.876,475243995.860
2018-05-08,233597201.061,227641151.338
2018-05-09,480405504.483,461097989.114
2018-05-10,667428550.882,615675404.418
2018-05-11,636937191.226,613420970.590
2018-05-12,890013745.536,848156877.043
2018-05-13,871930856.629,818980464.400
2018-05-14,613359842.622,585785622.753
2018-05-15,129468444.507,119127484.409
2018-05-16,416828078.011,379365655.618
2018-05-17,563199342.548,544277362.645
2018-05-18,418265740.392,404330020.000
2018-05-19,696910960.258,675899408.706
2018-05-20,327984090.853,299799704.138
2018-05-21,621812134.369,581703049.131
2018-05-22,883062644.396,813491659.754
2018-05-23,683382373.209,661656096.076
2018-05-24,47671937.589,45369771.189
2018-05-25,404967089.364,368443899.666
2018-05-26,449321792.066,432494010.683
2018-05-27,244146224.610,236531860.758
2018-05-28,340955750.136,320119607.736
2018-05-29,469009726.418,437951404.438
2018-05-30,423821876.796,407377468.128
2018-05-31,258256857.201,243848586.481
2018-06-01,809514599.960,754564635.505
2018-06-02,538247325.036,509224961.499
2018-06-03,56820109.021,47421291.361
2018-06-04,594072048.257,572617001.564
2018-06-05,740864746.133,675045319.805
2018-06-06,607772749.101,580784203.823
2018-06-07,399262355.654,386595532.754
2018-06-08,312683720.564,301528140.831
2018-06-09,801994720.163,772376757.815
2018-06-10,735886172.422,705449409.352
2018-06-11,565871965.627,545484144.317
2018-06-12,241250037.941,231733493.386
2018-06-13,0.000,0.000
2018-06-14,0.000,0.000
2018-06-15,0.000,0.000
2018-06-16,0.000,0.000
2018-06-17,0.000,0.000
2018-06-18,0.000,0.000
2018-06-19,0.000,0.000
2018-06-20,0.000,0.000
2018-06-21,0.000,0.000
2018-06-22,0.000,0.000
2018-06-23,0.000,0.000
2018-06-24,0.000,0.000
2018-06-25,87481.096,80492.904
2018-06-26,65196582.461,53939152.690
2018-06-27,73549001.674,64343330.584
2018-06-28,410559454.515,390019962.840
2018-06-29,31491273.368,30537353.377
2018-06-30,394114.250,182159.287
2018-07-01,17833144.835,17159061.058
2018-07-02,120787.038,109456.488
2018-07-03,948742.511,906336.045
2018-07-04,635480.850,613102.447
2018-07-05,1333222.548,1221975.121
2018-07-06,2049633.834,1793648.866
2018-07-07,1361584.736,1280237.096
2018-07-08,463247630.120,442047746.367
2018-07-09,236952026.178,218269028.803
2018-07-10,442882852.035,412736780.099
2018-07-11,259725458.002,212873799.307
2018-07-12,540558678.273,503995527.168
2018-07-13,818915490.774,795101915.501
2018-07-14,364139982.202,351747961.103
2018-07-15,521564533.400,492226702.266
2018-07-16,490793032.029,473192870.173
2018-07-17,156770125.290,151593671.894
2018-07-18,396125978.409,359792377.767
2018-07-19,596257585.366,557816633.916
2018-07-20,468912697.261,449303394.997
2018-07-21,771012941.590,700516788.173
2018-07-22,903333644.385,836872422.548
2018-07-23,150998728.201,145636987.379
2018-07-24,0.000,0.000
2018-07-25,0.000,0.000
2018-07-26,0.000,0.000
2018-07-27,0.000,0.000
2018-07-28,0.000,0.000
2018-07-29,0.000,0.000
2018-07-30,35916.699,32800.988
2018-07-31,167249.571,159633.854
2018-08-01,266388283.777,258612836.651
2018-08-02,195260966.833,188314683.992
2018-08-03,455374678.845,431834622.396
2018-08-04,777499002.955,738547865.077
2018-08-05,547346628.664,516066930.362
2018-08-06,600747009.749,574596119.608
2018-08-07,497334390.863,472077799.191
2018-08-08,475946133.139,441955616.202
2018-08-09,711960030.386,679841537.576
2018-08-10,532112289.082,497484280.307
2018-08-11,512130381.457,453095003.107
2018-08-12,724768342.303,666895673.672
2018-08-13,693114833.789,656766200.338
2018-08-14,746715911.657,653829027.525
2018-08-15,692266033.220,659530616.896
2018-08-16,49709220.543,47986860.358
2018-08-17,681584825.580,629825076.790
2018-08-18,837152754.782,791966839.806
2018-08-19,551431681.256,529381340.775
2018-08-20,492543299.431,475464030.467
2018-08-21,0.000,0.000
2018-08-22,0.000,0.000
2018-08-23,282528882.365,252668723.624
2018-08-24,758561337.195,724150172.539
2018-08-25,518610247.282,479808553.927
2018-08-26,614972696.386,556061239.281
2018-08-27,679684532.935,638312447.269
2018-08-28,727403389.179,691251253.370
2018-08-29,614858033.605,581618501.985
2018-08-30,528419581.919,506812934.178
2018-08-31,693626360.780,660081568.412
2018-09-01,337081568.557,325187584.900
2018-09-02,747639205.903,700275338.180
2018-09-03,844457220.219,809296410.391
2018-09-04,840805642.339,798159159.103
2018-09-05,744699977.915,699018747.802
2018-09-06,762736965.029,733296038.169
2018-09-07,649466792.768,620985041.901
2018-09-08,788225854.450,695717600.222
2018-09-09,570793106.875,505964746.508
2018-09-10,440670707.029,423593146.277
2018-09-11,0.000,0.000
2018-09-12,0.000,0.000
2018-09-13,0.000,0.000
2018-09-14,0.000,0.000
2018-09-15,0.000,0.000
2018-09-16,0.000,0.000
2018-09-17,0.000,0.000
2018-09-18,0.000,0.000
2018-09-19,0.000,0.000
2018-09-20,0.000,0.000
2018-09-21,0.000,0.000
2018-09-22,0.000,0.000
2018-09-23,74494589.799,54449871.188
2018-09-24,524049813.112,397350665.194
2018-09-25,540631616.459,507872162.967
2018-09-26,425309404.262,407468134.383
2018-09-27,0.000,0.000
2018-09-28,0.000,0.000
2018-09-29,773995084.016,670300310.307
2018-09-30,666207763.184,638407425.051
2018-10-01,448379340.571,425138813.944
2018-10-02,240235088.770,227386681.561
2018-10-03,793123112.278,733122264.274
2018-10-04,508586000.572,482306953.545
2018-10-05,356535743.568,308934691.234
2018-10-06,2915478.430,2477217.060
2018-10-07,573927771.673,538217791.187
2018-10-08,485180425.840,465777255.424
2018-10-09,677914955.407,637650193.155
2018-10-10,21687745.388,20796197.065
2018-10-11,229029718.214,213844724.527
2018-10-12,0.000,0.000
2018-10-13,0.000,0.000
2018-10-14,0.000,0.000
2018-10-15,183894.187,152181.208
2018-10-16,479781490.253,455875823.979
2018-10-17,619222844.088,581401479.641
2018-10-18,782985942.730,740188253.133
2018-10-19,545493397.577,520580855.539
2018-10-20,690442940.726,662729101.878
2018-10-21,576124330.289,532878591.845
2018-10-22,572251042.267,540050084.016
2018-10-23,754147985.314,672783875.687
2018-10-24,90837865.757,82680889.356
2018-10-25,0.000,0.000
2018-10-26,2677745.120,2352346.547
2018-10-27,0.000,0.000
2018-10-28,0.000,0.000
2018-10-29,0.000,0.000
2018-10-30,0.000,0.000
2018-10-31,0.000,0.000
2018-11-01,0.000,0.000
2018-11-02,0.000,0.000
2018-11-03,0.000,0.000
2018-11-04,0.000,0.000
2018-11-05,0.000,0.000